payment_id,loan_id,due_date,payment_date,amount_due,amount_paid
P_L0001_1,L0001,2025-01-31,2025-01-29,2083.33,2083.33
P_L0001_2,L0001,2025-03-02,2025-02-26,2083.33,2083.33
P_L0001_3,L0001,2025-04-01,2025-03-30,2083.33,2083.33
P_L0001_4,L0001,2025-05-01,2025-04-29,2083.33,2083.33
P_L0001_5,L0001,2025-05-31,2025-05-28,2083.33,2083.33
P_L0002_1,L0002,2025-01-31,2025-01-27,833.33,833.33
P_L0002_2,L0002,2025-03-02,2025-02-27,833.33,833.33
P_L0002_3,L0002,2025-04-01,2025-03-31,833.33,833.33
P_L0002_4,L0002,2025-05-01,2025-05-22,833.33,833.33
P_L0002_5,L0002,2025-05-31,2025-05-30,833.33,833.33
P_L0002_6,L0002,2025-06-30,2025-06-27,833.33,833.33
P_L0003_1,L0003,2025-01-31,2025-03-31,4166.67,4166.67
P_L0003_2,L0003,2025-03-02,2025-05-01,4166.67,4166.67
P_L0003_3,L0003,2025-04-01,2025-05-18,4166.67,4166.67
P_L0004_1,L0004,2025-01-31,2025-01-31,4166.67,4166.67
P_L0004_2,L0004,2025-03-02,2025-04-22,4166.67,4166.67
P_L0004_3,L0004,2025-04-01,2025-04-01,4166.67,4166.67
P_L0004_4,L0004,2025-05-01,2025-05-05,4166.67,4166.67
P_L0004_5,L0004,2025-05-31,2025-05-30,4166.67,4166.67
P_L0004_6,L0004,2025-06-30,2025-06-29,4166.67,4166.67
P_L0005_1,L0005,2025-01-31,2025-01-28,833.33,833.33
P_L0005_2,L0005,2025-03-02,2025-02-27,833.33,833.33
P_L0005_3,L0005,2025-04-01,2025-03-30,833.33,833.33
P_L0006_1,L0006,2025-01-31,2025-01-30,12500.0,12500.0
P_L0006_2,L0006,2025-03-02,2025-03-01,12500.0,12500.0
P_L0006_3,L0006,2025-04-01,2025-03-31,12500.0,12500.0
P_L0006_4,L0006,2025-05-01,2025-04-27,12500.0,12500.0
P_L0007_1,L0007,2025-01-31,2025-01-28,833.33,833.33
P_L0007_2,L0007,2025-03-02,2025-02-27,833.33,833.33
P_L0007_3,L0007,2025-04-01,2025-03-29,833.33,833.33
P_L0007_4,L0007,2025-05-01,2025-06-10,833.33,833.33
P_L0007_5,L0007,2025-05-31,2025-05-27,833.33,833.33
P_L0008_1,L0008,2025-01-31,2025-01-30,2083.33,2083.33
P_L0008_2,L0008,2025-03-02,2025-02-27,2083.33,2083.33
P_L0008_3,L0008,2025-04-01,2025-04-01,2083.33,2083.33
P_L0008_4,L0008,2025-05-01,2025-06-15,2083.33,2083.33
P_L0009_1,L0009,2025-01-31,2025-02-09,833.33,833.33
P_L0009_2,L0009,2025-03-02,2025-05-29,833.33,332.85
P_L0009_3,L0009,2025-04-01,2025-03-30,833.33,833.33
P_L0010_1,L0010,2025-01-31,2025-01-30,4166.67,4166.67
P_L0010_2,L0010,2025-03-02,2025-03-09,4166.67,4166.67
P_L0010_3,L0010,2025-04-01,2025-03-29,4166.67,4166.67
P_L0011_1,L0011,2025-01-31,2025-02-23,833.33,833.33
P_L0011_2,L0011,2025-03-02,2025-02-27,833.33,833.33
P_L0011_3,L0011,2025-04-01,2025-04-01,833.33,833.33
P_L0011_4,L0011,2025-05-01,2025-04-29,833.33,833.33
P_L0012_1,L0012,2025-01-31,2025-01-29,12500.0,12500.0
P_L0012_2,L0012,2025-03-02,2025-03-01,12500.0,12500.0
P_L0012_3,L0012,2025-04-01,2025-06-17,12500.0,12500.0
P_L0012_4,L0012,2025-05-01,2025-05-01,12500.0,12500.0
P_L0013_1,L0013,2025-01-31,2025-01-28,8333.33,8333.33
P_L0013_2,L0013,2025-03-02,2025-02-26,8333.33,8333.33
P_L0013_3,L0013,2025-04-01,2025-03-28,8333.33,8333.33
P_L0013_4,L0013,2025-05-01,2025-06-02,8333.33,8333.33
P_L0013_5,L0013,2025-05-31,2025-05-29,8333.33,8333.33
P_L0013_6,L0013,2025-06-30,2025-09-04,8333.33,8333.33
P_L0014_1,L0014,2025-01-31,2025-01-31,833.33,833.33
P_L0014_2,L0014,2025-03-02,2025-03-30,833.33,833.33
P_L0014_3,L0014,2025-04-01,2025-03-29,833.33,833.33
P_L0014_4,L0014,2025-05-01,2025-04-29,833.33,833.33
P_L0015_1,L0015,2025-01-31,2025-01-28,12500.0,12500.0
P_L0015_2,L0015,2025-03-02,2025-03-02,12500.0,12500.0
P_L0015_3,L0015,2025-04-01,2025-03-30,12500.0,12500.0
P_L0015_4,L0015,2025-05-01,2025-04-28,12500.0,12500.0
P_L0015_5,L0015,2025-05-31,2025-05-29,12500.0,12500.0
P_L0015_6,L0015,2025-06-30,2025-09-10,12500.0,12500.0
P_L0016_1,L0016,2025-01-31,2025-03-09,12500.0,12500.0
P_L0016_2,L0016,2025-03-02,2025-03-26,12500.0,12500.0
P_L0016_3,L0016,2025-04-01,2025-07-06,12500.0,12500.0
P_L0016_4,L0016,2025-05-01,2025-07-02,12500.0,12500.0
P_L0016_5,L0016,2025-05-31,2025-05-30,12500.0,12500.0
P_L0017_1,L0017,2025-01-31,2025-01-31,4166.67,4166.67
P_L0017_2,L0017,2025-03-02,2025-03-01,4166.67,4166.67
P_L0017_3,L0017,2025-04-01,2025-03-28,4166.67,4166.67
P_L0018_1,L0018,2025-01-31,2025-01-29,12500.0,12500.0
P_L0018_2,L0018,2025-03-02,2025-02-26,12500.0,12500.0
P_L0018_3,L0018,2025-04-01,2025-03-29,12500.0,12500.0
P_L0018_4,L0018,2025-05-01,2025-06-26,12500.0,12500.0
P_L0018_5,L0018,2025-05-31,2025-05-27,12500.0,12500.0
P_L0018_6,L0018,2025-06-30,2025-06-28,12500.0,12500.0
P_L0019_1,L0019,2025-01-31,2025-05-08,12500.0,12500.0
P_L0019_2,L0019,2025-03-02,2025-04-30,12500.0,12500.0
P_L0019_3,L0019,2025-04-01,2025-07-03,12500.0,12500.0
P_L0019_4,L0019,2025-05-01,2025-04-28,12500.0,12500.0
P_L0019_5,L0019,2025-05-31,2025-05-29,12500.0,12500.0
P_L0020_1,L0020,2025-01-31,2025-01-29,12500.0,12500.0
P_L0020_2,L0020,2025-03-02,2025-02-27,12500.0,12500.0
P_L0020_3,L0020,2025-04-01,2025-03-31,12500.0,12500.0
P_L0020_4,L0020,2025-05-01,2025-04-29,12500.0,12500.0
P_L0021_1,L0021,2025-01-31,2025-01-30,12500.0,12500.0
P_L0021_2,L0021,2025-03-02,2025-03-01,12500.0,12500.0
P_L0021_3,L0021,2025-04-01,2025-03-29,12500.0,12500.0
P_L0021_4,L0021,2025-05-01,2025-05-01,12500.0,12500.0
P_L0021_5,L0021,2025-05-31,2025-05-31,12500.0,12500.0
P_L0021_6,L0021,2025-06-30,2025-06-27,12500.0,12500.0
P_L0022_1,L0022,2025-01-31,2025-01-29,2083.33,2083.33
P_L0022_2,L0022,2025-03-02,2025-03-02,2083.33,2083.33
P_L0022_3,L0022,2025-04-01,2025-03-30,2083.33,2083.33
P_L0023_1,L0023,2025-01-31,2025-01-31,2083.33,2083.33
P_L0023_2,L0023,2025-03-02,2025-02-28,2083.33,2083.33
P_L0023_3,L0023,2025-04-01,2025-03-29,2083.33,2083.33
P_L0023_4,L0023,2025-05-01,2025-04-28,2083.33,2083.33
P_L0023_5,L0023,2025-05-31,2025-05-31,2083.33,2083.33
P_L0023_6,L0023,2025-06-30,2025-06-26,2083.33,2083.33
P_L0024_1,L0024,2025-01-31,2025-04-23,4166.67,4166.67
P_L0024_2,L0024,2025-03-02,2025-05-02,4166.67,2733.71
P_L0024_3,L0024,2025-04-01,2025-04-22,4166.67,2013.48
P_L0024_4,L0024,2025-05-01,2025-04-29,4166.67,4166.67
P_L0025_1,L0025,2025-01-31,2025-01-29,833.33,833.33
P_L0025_2,L0025,2025-03-02,2025-02-26,833.33,833.33
P_L0025_3,L0025,2025-04-01,2025-03-30,833.33,833.33
P_L0026_1,L0026,2025-01-31,2025-01-31,12500.0,12500.0
P_L0026_2,L0026,2025-03-02,2025-03-02,12500.0,12500.0
P_L0026_3,L0026,2025-04-01,2025-03-28,12500.0,12500.0
P_L0026_4,L0026,2025-05-01,2025-04-28,12500.0,12500.0
P_L0026_5,L0026,2025-05-31,2025-07-19,12500.0,12500.0
P_L0027_1,L0027,2025-01-31,2025-05-03,833.33,833.33
P_L0027_2,L0027,2025-03-02,2025-02-26,833.33,833.33
P_L0027_3,L0027,2025-04-01,2025-03-29,833.33,833.33
P_L0027_4,L0027,2025-05-01,2025-05-25,833.33,833.33
P_L0027_5,L0027,2025-05-31,2025-05-27,833.33,833.33
P_L0027_6,L0027,2025-06-30,2025-06-27,833.33,833.33
P_L0028_1,L0028,2025-01-31,2025-04-26,833.33,833.33
P_L0028_2,L0028,2025-03-02,2025-03-02,833.33,833.33
P_L0028_3,L0028,2025-04-01,2025-03-31,833.33,833.33
P_L0029_1,L0029,2025-01-31,2025-01-30,4166.67,4166.67
P_L0029_2,L0029,2025-03-02,2025-03-01,4166.67,4166.67
P_L0029_3,L0029,2025-04-01,2025-03-31,4166.67,4166.67
P_L0030_1,L0030,2025-01-31,2025-01-30,12500.0,12500.0
P_L0030_2,L0030,2025-03-02,2025-03-02,12500.0,12500.0
P_L0030_3,L0030,2025-04-01,2025-05-19,12500.0,12500.0
P_L0030_4,L0030,2025-05-01,2025-04-30,12500.0,12500.0
P_L0030_5,L0030,2025-05-31,2025-05-29,12500.0,12500.0
P_L0031_1,L0031,2025-01-31,2025-01-27,12500.0,3782.41
P_L0031_2,L0031,2025-03-02,2025-02-27,12500.0,12500.0
P_L0031_3,L0031,2025-04-01,2025-03-29,12500.0,12500.0
P_L0031_4,L0031,2025-05-01,2025-08-07,12500.0,7364.25
P_L0032_1,L0032,2025-01-31,2025-01-30,8333.33,8333.33
P_L0032_2,L0032,2025-03-02,2025-02-26,8333.33,8333.33
P_L0032_3,L0032,2025-04-01,2025-03-31,8333.33,8333.33
P_L0032_4,L0032,2025-05-01,2025-06-22,8333.33,8333.33
P_L0033_1,L0033,2025-01-31,2025-01-29,833.33,833.33
P_L0033_2,L0033,2025-03-02,2025-06-07,833.33,833.33
P_L0033_3,L0033,2025-04-01,2025-03-29,833.33,833.33
P_L0033_4,L0033,2025-05-01,2025-04-27,833.33,833.33
P_L0034_1,L0034,2025-01-31,2025-01-27,833.33,833.33
P_L0034_2,L0034,2025-03-02,2025-02-28,833.33,833.33
P_L0034_3,L0034,2025-04-01,2025-03-29,833.33,833.33
P_L0034_4,L0034,2025-05-01,2025-04-30,833.33,833.33
P_L0034_5,L0034,2025-05-31,2025-05-29,833.33,833.33
P_L0035_1,L0035,2025-01-31,2025-01-29,2083.33,2083.33
P_L0035_2,L0035,2025-03-02,2025-03-01,2083.33,2083.33
P_L0035_3,L0035,2025-04-01,2025-06-02,2083.33,2083.33
P_L0036_1,L0036,2025-01-31,2025-01-28,8333.33,8333.33
P_L0036_2,L0036,2025-03-02,2025-03-01,8333.33,8333.33
P_L0036_3,L0036,2025-04-01,2025-03-31,8333.33,8333.33
P_L0036_4,L0036,2025-05-01,2025-05-01,8333.33,8333.33
P_L0036_5,L0036,2025-05-31,2025-05-27,8333.33,8333.33
P_L0037_1,L0037,2025-01-31,2025-01-27,2083.33,2083.33
P_L0037_2,L0037,2025-03-02,2025-02-28,2083.33,2083.33
P_L0037_3,L0037,2025-04-01,2025-03-30,2083.33,2083.33
P_L0038_1,L0038,2025-01-31,2025-03-01,2083.33,2083.33
P_L0038_2,L0038,2025-03-02,2025-05-10,2083.33,2083.33
P_L0038_3,L0038,2025-04-01,2025-07-04,2083.33,2083.33
P_L0039_1,L0039,2025-01-31,2025-01-27,2083.33,2083.33
P_L0039_2,L0039,2025-03-02,2025-03-01,2083.33,2083.33
P_L0039_3,L0039,2025-04-01,2025-03-28,2083.33,2083.33
P_L0039_4,L0039,2025-05-01,2025-05-01,2083.33,2083.33
P_L0040_1,L0040,2025-01-31,2025-01-30,4166.67,4166.67
P_L0040_2,L0040,2025-03-02,2025-02-26,4166.67,4166.67
P_L0040_3,L0040,2025-04-01,2025-03-29,4166.67,4166.67
P_L0040_4,L0040,2025-05-01,2025-04-30,4166.67,4166.67
P_L0041_1,L0041,2025-01-31,2025-01-31,4166.67,4166.67
P_L0041_2,L0041,2025-03-02,2025-02-26,4166.67,4166.67
P_L0041_3,L0041,2025-04-01,2025-04-25,4166.67,4166.67
P_L0041_4,L0041,2025-05-01,2025-04-30,4166.67,4166.67
P_L0041_5,L0041,2025-05-31,2025-07-02,4166.67,4166.67
P_L0042_1,L0042,2025-01-31,2025-01-28,2083.33,2083.33
P_L0042_2,L0042,2025-03-02,2025-04-04,2083.33,2083.33
P_L0042_3,L0042,2025-04-01,2025-03-29,2083.33,2083.33
P_L0042_4,L0042,2025-05-01,2025-04-30,2083.33,910.37
P_L0042_5,L0042,2025-05-31,2025-07-16,2083.33,723.38
P_L0043_1,L0043,2025-01-31,2025-01-30,8333.33,8333.33
P_L0043_2,L0043,2025-03-02,2025-03-01,8333.33,8333.33
P_L0043_3,L0043,2025-04-01,2025-03-31,8333.33,8333.33
P_L0043_4,L0043,2025-05-01,2025-05-08,8333.33,8333.33
P_L0043_5,L0043,2025-05-31,2025-09-17,8333.33,8333.33
P_L0044_1,L0044,2025-01-31,2025-01-28,833.33,833.33
P_L0044_2,L0044,2025-03-02,2025-02-26,833.33,833.33
P_L0044_3,L0044,2025-04-01,2025-03-31,833.33,833.33
P_L0044_4,L0044,2025-05-01,2025-04-29,833.33,833.33
P_L0044_5,L0044,2025-05-31,2025-05-28,833.33,833.33
P_L0045_1,L0045,2025-01-31,2025-01-27,8333.33,8333.33
P_L0045_2,L0045,2025-03-02,2025-02-26,8333.33,8333.33
P_L0045_3,L0045,2025-04-01,2025-03-30,8333.33,8333.33
P_L0045_4,L0045,2025-05-01,2025-05-18,8333.33,8333.33
P_L0046_1,L0046,2025-01-31,2025-01-31,12500.0,12500.0
P_L0046_2,L0046,2025-03-02,2025-02-28,12500.0,12500.0
P_L0046_3,L0046,2025-04-01,2025-07-10,12500.0,12500.0
P_L0047_1,L0047,2025-01-31,2025-01-29,4166.67,4166.67
P_L0047_2,L0047,2025-03-02,2025-02-27,4166.67,4166.67
P_L0047_3,L0047,2025-04-01,2025-03-29,4166.67,4166.67
P_L0047_4,L0047,2025-05-01,2025-04-27,4166.67,4166.67
P_L0047_5,L0047,2025-05-31,2025-05-28,4166.67,4166.67
P_L0047_6,L0047,2025-06-30,2025-06-28,4166.67,4166.67
P_L0048_1,L0048,2025-01-31,2025-01-31,833.33,833.33
P_L0048_2,L0048,2025-03-02,2025-02-26,833.33,833.33
P_L0048_3,L0048,2025-04-01,2025-03-31,833.33,833.33
P_L0049_1,L0049,2025-01-31,2025-01-27,833.33,833.33
P_L0049_2,L0049,2025-03-02,2025-05-17,833.33,833.33
P_L0049_3,L0049,2025-04-01,2025-04-01,833.33,285.04
P_L0050_1,L0050,2025-01-31,2025-02-09,12500.0,12500.0
P_L0050_2,L0050,2025-03-02,2025-03-01,12500.0,12500.0
P_L0050_3,L0050,2025-04-01,2025-04-30,12500.0,12500.0
P_L0051_1,L0051,2025-01-31,2025-01-27,12500.0,12500.0
P_L0051_2,L0051,2025-03-02,2025-02-27,12500.0,12500.0
P_L0051_3,L0051,2025-04-01,2025-04-01,12500.0,12500.0
P_L0052_1,L0052,2025-01-31,2025-01-28,2083.33,2083.33
P_L0052_2,L0052,2025-03-02,2025-05-02,2083.33,2083.33
P_L0052_3,L0052,2025-04-01,2025-03-30,2083.33,2083.33
P_L0053_1,L0053,2025-01-31,2025-01-29,4166.67,4166.67
P_L0053_2,L0053,2025-03-02,2025-06-02,4166.67,4166.67
P_L0053_3,L0053,2025-04-01,2025-03-29,4166.67,4166.67
P_L0053_4,L0053,2025-05-01,2025-07-01,4166.67,4166.67
P_L0054_1,L0054,2025-01-31,2025-01-31,4166.67,4166.67
P_L0054_2,L0054,2025-03-02,2025-02-27,4166.67,4166.67
P_L0054_3,L0054,2025-04-01,2025-03-29,4166.67,4166.67
P_L0054_4,L0054,2025-05-01,2025-05-01,4166.67,4166.67
P_L0054_5,L0054,2025-05-31,2025-05-30,4166.67,4166.67
P_L0055_1,L0055,2025-01-31,2025-01-27,8333.33,8333.33
P_L0055_2,L0055,2025-03-02,2025-03-23,8333.33,8333.33
P_L0055_3,L0055,2025-04-01,2025-06-25,8333.33,8333.33
P_L0055_4,L0055,2025-05-01,2025-04-27,8333.33,8333.33
P_L0055_5,L0055,2025-05-31,2025-05-29,8333.33,8333.33
P_L0055_6,L0055,2025-06-30,2025-06-29,8333.33,8333.33
P_L0056_1,L0056,2025-01-31,2025-01-31,2083.33,2083.33
P_L0056_2,L0056,2025-03-02,2025-03-02,2083.33,2083.33
P_L0056_3,L0056,2025-04-01,2025-03-29,2083.33,974.64
P_L0056_4,L0056,2025-05-01,2025-06-06,2083.33,2083.33
P_L0056_5,L0056,2025-05-31,2025-07-20,2083.33,1000.36
P_L0057_1,L0057,2025-01-31,2025-01-31,2083.33,2083.33
P_L0057_2,L0057,2025-03-02,2025-02-26,2083.33,2083.33
P_L0057_3,L0057,2025-04-01,2025-03-29,2083.33,2083.33
P_L0057_4,L0057,2025-05-01,2025-04-27,2083.33,2083.33
P_L0057_5,L0057,2025-05-31,2025-05-27,2083.33,2083.33
P_L0057_6,L0057,2025-06-30,2025-06-28,2083.33,2083.33
P_L0058_1,L0058,2025-01-31,2025-01-31,2083.33,2083.33
P_L0058_2,L0058,2025-03-02,2025-03-01,2083.33,2083.33
P_L0058_3,L0058,2025-04-01,2025-03-28,2083.33,2083.33
P_L0058_4,L0058,2025-05-01,2025-06-03,2083.33,2083.33
P_L0058_5,L0058,2025-05-31,2025-05-30,2083.33,2083.33
P_L0058_6,L0058,2025-06-30,2025-06-30,2083.33,2083.33
P_L0059_1,L0059,2025-01-31,2025-01-31,2083.33,2083.33
P_L0059_2,L0059,2025-03-02,2025-02-28,2083.33,2083.33
P_L0059_3,L0059,2025-04-01,2025-04-01,2083.33,2083.33
P_L0059_4,L0059,2025-05-01,2025-04-29,2083.33,2083.33
P_L0059_5,L0059,2025-05-31,2025-06-21,2083.33,2083.33
P_L0060_1,L0060,2025-01-31,2025-05-03,4166.67,4166.67
P_L0060_2,L0060,2025-03-02,2025-02-28,4166.67,4166.67
P_L0060_3,L0060,2025-04-01,2025-03-28,4166.67,4166.67
P_L0060_4,L0060,2025-05-01,2025-07-25,4166.67,4166.67
P_L0060_5,L0060,2025-05-31,2025-07-21,4166.67,1681.73
P_L0060_6,L0060,2025-06-30,2025-06-29,4166.67,4166.67
P_L0061_1,L0061,2025-01-31,2025-03-06,4166.67,4166.67
P_L0061_2,L0061,2025-03-02,2025-02-28,4166.67,4166.67
P_L0061_3,L0061,2025-04-01,2025-03-29,4166.67,4166.67
P_L0061_4,L0061,2025-05-01,2025-04-28,4166.67,4166.67
P_L0061_5,L0061,2025-05-31,2025-05-29,4166.67,4166.67
P_L0061_6,L0061,2025-06-30,2025-06-26,4166.67,4166.67
P_L0062_1,L0062,2025-01-31,2025-01-29,2083.33,2083.33
P_L0062_2,L0062,2025-03-02,2025-02-27,2083.33,2083.33
P_L0062_3,L0062,2025-04-01,2025-03-31,2083.33,2083.33
P_L0063_1,L0063,2025-01-31,2025-01-29,8333.33,8333.33
P_L0063_2,L0063,2025-03-02,2025-03-01,8333.33,8333.33
P_L0063_3,L0063,2025-04-01,2025-04-01,8333.33,8333.33
P_L0063_4,L0063,2025-05-01,2025-04-28,8333.33,8333.33
P_L0064_1,L0064,2025-01-31,2025-01-29,833.33,833.33
P_L0064_2,L0064,2025-03-02,2025-02-26,833.33,833.33
P_L0064_3,L0064,2025-04-01,2025-05-27,833.33,833.33
P_L0064_4,L0064,2025-05-01,2025-05-01,833.33,833.33
P_L0065_1,L0065,2025-01-31,2025-04-10,833.33,833.33
P_L0065_2,L0065,2025-03-02,2025-02-26,833.33,833.33
P_L0065_3,L0065,2025-04-01,2025-03-30,833.33,833.33
P_L0065_4,L0065,2025-05-01,2025-04-29,833.33,833.33
P_L0065_5,L0065,2025-05-31,2025-06-23,833.33,833.33
P_L0065_6,L0065,2025-06-30,2025-10-03,833.33,833.33
P_L0066_1,L0066,2025-01-31,2025-02-08,8333.33,8333.33
P_L0066_2,L0066,2025-03-02,2025-03-06,8333.33,8333.33
P_L0066_3,L0066,2025-04-01,2025-03-30,8333.33,8333.33
P_L0066_4,L0066,2025-05-01,2025-04-29,8333.33,8333.33
P_L0066_5,L0066,2025-05-31,2025-05-30,8333.33,8333.33
P_L0067_1,L0067,2025-01-31,2025-01-29,2083.33,2083.33
P_L0067_2,L0067,2025-03-02,2025-03-01,2083.33,2083.33
P_L0067_3,L0067,2025-04-01,2025-03-28,2083.33,2083.33
P_L0068_1,L0068,2025-01-31,2025-02-01,4166.67,4166.67
P_L0068_2,L0068,2025-03-02,2025-04-17,4166.67,4166.67
P_L0068_3,L0068,2025-04-01,2025-03-28,4166.67,4166.67
P_L0068_4,L0068,2025-05-01,2025-06-17,4166.67,4166.67
P_L0069_1,L0069,2025-01-31,2025-01-29,833.33,833.33
P_L0069_2,L0069,2025-03-02,2025-02-26,833.33,833.33
P_L0069_3,L0069,2025-04-01,2025-05-07,833.33,833.33
P_L0069_4,L0069,2025-05-01,2025-05-01,833.33,833.33
P_L0069_5,L0069,2025-05-31,2025-05-28,833.33,833.33
P_L0070_1,L0070,2025-01-31,2025-01-30,12500.0,12500.0
P_L0070_2,L0070,2025-03-02,2025-03-01,12500.0,12500.0
P_L0070_3,L0070,2025-04-01,2025-03-30,12500.0,12500.0
P_L0070_4,L0070,2025-05-01,2025-04-29,12500.0,12500.0
P_L0070_5,L0070,2025-05-31,2025-05-29,12500.0,12500.0
P_L0071_1,L0071,2025-01-31,2025-02-18,12500.0,12500.0
P_L0071_2,L0071,2025-03-02,2025-02-28,12500.0,12500.0
P_L0071_3,L0071,2025-04-01,2025-04-01,12500.0,12500.0
P_L0071_4,L0071,2025-05-01,2025-04-28,12500.0,12500.0
P_L0071_5,L0071,2025-05-31,2025-07-27,12500.0,12500.0
P_L0072_1,L0072,2025-01-31,2025-01-30,8333.33,8333.33
P_L0072_2,L0072,2025-03-02,2025-03-02,8333.33,8333.33
P_L0072_3,L0072,2025-04-01,2025-03-29,8333.33,8333.33
P_L0073_1,L0073,2025-01-31,2025-01-29,2083.33,2083.33
P_L0073_2,L0073,2025-03-02,2025-03-01,2083.33,2083.33
P_L0073_3,L0073,2025-04-01,2025-06-26,2083.33,2083.33
P_L0074_1,L0074,2025-01-31,2025-01-31,833.33,833.33
P_L0074_2,L0074,2025-03-02,2025-03-01,833.33,833.33
P_L0074_3,L0074,2025-04-01,2025-03-29,833.33,833.33
P_L0074_4,L0074,2025-05-01,2025-04-30,833.33,833.33
P_L0075_1,L0075,2025-01-31,2025-01-27,2083.33,2083.33
P_L0075_2,L0075,2025-03-02,2025-03-02,2083.33,2083.33
P_L0075_3,L0075,2025-04-01,2025-03-28,2083.33,2083.33
P_L0075_4,L0075,2025-05-01,2025-04-28,2083.33,2083.33
P_L0075_5,L0075,2025-05-31,2025-05-31,2083.33,2083.33
P_L0076_1,L0076,2025-01-31,2025-03-03,833.33,833.33
P_L0076_2,L0076,2025-03-02,2025-02-27,833.33,833.33
P_L0076_3,L0076,2025-04-01,2025-03-31,833.33,833.33
P_L0076_4,L0076,2025-05-01,2025-04-29,833.33,833.33
P_L0076_5,L0076,2025-05-31,2025-05-31,833.33,833.33
P_L0077_1,L0077,2025-01-31,2025-01-29,8333.33,8333.33
P_L0077_2,L0077,2025-03-02,2025-03-01,8333.33,8333.33
P_L0077_3,L0077,2025-04-01,2025-03-31,8333.33,8333.33
P_L0077_4,L0077,2025-05-01,2025-04-28,8333.33,8333.33
P_L0078_1,L0078,2025-01-31,2025-04-09,8333.33,8333.33
P_L0078_2,L0078,2025-03-02,2025-03-02,8333.33,8333.33
P_L0078_3,L0078,2025-04-01,2025-03-29,8333.33,8333.33
P_L0079_1,L0079,2025-01-31,2025-01-27,12500.0,12500.0
P_L0079_2,L0079,2025-03-02,2025-02-26,12500.0,12500.0
P_L0079_3,L0079,2025-04-01,2025-05-21,12500.0,12500.0
P_L0079_4,L0079,2025-05-01,2025-04-30,12500.0,12500.0
P_L0079_5,L0079,2025-05-31,2025-06-02,12500.0,4617.65
P_L0080_1,L0080,2025-01-31,2025-01-29,2083.33,2083.33
P_L0080_2,L0080,2025-03-02,2025-02-28,2083.33,2083.33
P_L0080_3,L0080,2025-04-01,2025-04-01,2083.33,2083.33
P_L0081_1,L0081,2025-01-31,2025-01-28,12500.0,12500.0
P_L0081_2,L0081,2025-03-02,2025-02-26,12500.0,12500.0
P_L0081_3,L0081,2025-04-01,2025-04-01,12500.0,12500.0
P_L0082_1,L0082,2025-01-31,2025-01-29,2083.33,2083.33
P_L0082_2,L0082,2025-03-02,2025-02-27,2083.33,2083.33
P_L0082_3,L0082,2025-04-01,2025-03-30,2083.33,2083.33
P_L0082_4,L0082,2025-05-01,2025-04-28,2083.33,2083.33
P_L0083_1,L0083,2025-01-31,2025-01-27,12500.0,12500.0
P_L0083_2,L0083,2025-03-02,2025-02-28,12500.0,12500.0
P_L0083_3,L0083,2025-04-01,2025-03-29,12500.0,12500.0
P_L0083_4,L0083,2025-05-01,2025-04-30,12500.0,12500.0
P_L0084_1,L0084,2025-01-31,2025-01-29,4166.67,4166.67
P_L0084_2,L0084,2025-03-02,2025-03-02,4166.67,4166.67
P_L0084_3,L0084,2025-04-01,2025-04-01,4166.67,4166.67
P_L0085_1,L0085,2025-01-31,2025-01-30,4166.67,4166.67
P_L0085_2,L0085,2025-03-02,2025-02-28,4166.67,4166.67
P_L0085_3,L0085,2025-04-01,2025-03-30,4166.67,4166.67
P_L0086_1,L0086,2025-01-31,2025-01-30,4166.67,4166.67
P_L0086_2,L0086,2025-03-02,2025-03-17,4166.67,4166.67
P_L0086_3,L0086,2025-04-01,2025-04-01,4166.67,4166.67
P_L0086_4,L0086,2025-05-01,2025-04-29,4166.67,4166.67
P_L0086_5,L0086,2025-05-31,2025-05-31,4166.67,4166.67
P_L0087_1,L0087,2025-01-31,2025-01-29,4166.67,4166.67
P_L0087_2,L0087,2025-03-02,2025-02-27,4166.67,4166.67
P_L0087_3,L0087,2025-04-01,2025-03-31,4166.67,4166.67
P_L0088_1,L0088,2025-01-31,2025-01-31,833.33,833.33
P_L0088_2,L0088,2025-03-02,2025-03-15,833.33,833.33
P_L0088_3,L0088,2025-04-01,2025-07-10,833.33,833.33
P_L0089_1,L0089,2025-01-31,2025-03-28,4166.67,4166.67
P_L0089_2,L0089,2025-03-02,2025-02-26,4166.67,4166.67
P_L0089_3,L0089,2025-04-01,2025-03-29,4166.67,4166.67
P_L0090_1,L0090,2025-01-31,2025-01-29,8333.33,8333.33
P_L0090_2,L0090,2025-03-02,2025-02-28,8333.33,8333.33
P_L0090_3,L0090,2025-04-01,2025-03-31,8333.33,8333.33
P_L0090_4,L0090,2025-05-01,2025-07-09,8333.33,8333.33
P_L0090_5,L0090,2025-05-31,2025-05-30,8333.33,8333.33
P_L0090_6,L0090,2025-06-30,2025-06-29,8333.33,8333.33
P_L0091_1,L0091,2025-01-31,2025-01-30,8333.33,8333.33
P_L0091_2,L0091,2025-03-02,2025-03-01,8333.33,8333.33
P_L0091_3,L0091,2025-04-01,2025-03-29,8333.33,8333.33
P_L0091_4,L0091,2025-05-01,2025-04-28,8333.33,8333.33
P_L0092_1,L0092,2025-01-31,2025-01-27,833.33,833.33
P_L0092_2,L0092,2025-03-02,2025-03-01,833.33,833.33
P_L0092_3,L0092,2025-04-01,2025-03-31,833.33,833.33
P_L0092_4,L0092,2025-05-01,2025-06-21,833.33,833.33
P_L0092_5,L0092,2025-05-31,2025-05-31,833.33,833.33
P_L0092_6,L0092,2025-06-30,2025-06-30,833.33,833.33
P_L0093_1,L0093,2025-01-31,2025-01-30,4166.67,4166.67
P_L0093_2,L0093,2025-03-02,2025-03-02,4166.67,4166.67
P_L0093_3,L0093,2025-04-01,2025-03-30,4166.67,4166.67
P_L0093_4,L0093,2025-05-01,2025-04-27,4166.67,4166.67
P_L0094_1,L0094,2025-01-31,2025-01-31,4166.67,4166.67
P_L0094_2,L0094,2025-03-02,2025-03-02,4166.67,4166.67
P_L0094_3,L0094,2025-04-01,2025-05-12,4166.67,4166.67
P_L0094_4,L0094,2025-05-01,2025-04-28,4166.67,4166.67
P_L0094_5,L0094,2025-05-31,2025-05-29,4166.67,4166.67
P_L0095_1,L0095,2025-01-31,2025-04-23,4166.67,4166.67
P_L0095_2,L0095,2025-03-02,2025-02-28,4166.67,3151.56
P_L0095_3,L0095,2025-04-01,2025-04-26,4166.67,4166.67
P_L0095_4,L0095,2025-05-01,2025-07-28,4166.67,4166.67
P_L0096_1,L0096,2025-01-31,2025-01-30,12500.0,12500.0
P_L0096_2,L0096,2025-03-02,2025-05-26,12500.0,12500.0
P_L0096_3,L0096,2025-04-01,2025-04-01,12500.0,12500.0
P_L0097_1,L0097,2025-01-31,2025-02-20,2083.33,2083.33
P_L0097_2,L0097,2025-03-02,2025-05-02,2083.33,937.08
P_L0097_3,L0097,2025-04-01,2025-07-04,2083.33,2083.33
P_L0097_4,L0097,2025-05-01,2025-07-23,2083.33,2083.33
P_L0097_5,L0097,2025-05-31,2025-07-19,2083.33,1116.73
P_L0097_6,L0097,2025-06-30,2025-07-18,2083.33,1368.81
P_L0098_1,L0098,2025-01-31,2025-01-28,12500.0,12500.0
P_L0098_2,L0098,2025-03-02,2025-02-28,12500.0,12500.0
P_L0098_3,L0098,2025-04-01,2025-04-01,12500.0,12500.0
P_L0098_4,L0098,2025-05-01,2025-04-29,12500.0,12500.0
P_L0099_1,L0099,2025-01-31,2025-01-29,2083.33,2083.33
P_L0099_2,L0099,2025-03-02,2025-02-27,2083.33,2083.33
P_L0099_3,L0099,2025-04-01,2025-03-29,2083.33,2083.33
P_L0099_4,L0099,2025-05-01,2025-04-27,2083.33,2083.33
P_L0099_5,L0099,2025-05-31,2025-05-31,2083.33,2083.33
P_L0099_6,L0099,2025-06-30,2025-06-28,2083.33,2083.33
P_L0100_1,L0100,2025-01-31,2025-03-26,4166.67,4166.67
P_L0100_2,L0100,2025-03-02,2025-02-26,4166.67,4166.67
P_L0100_3,L0100,2025-04-01,2025-04-01,4166.67,4166.67
P_L0100_4,L0100,2025-05-01,2025-04-30,4166.67,4166.67
P_L0100_5,L0100,2025-05-31,2025-05-29,4166.67,4166.67
P_L0101_1,L0101,2025-01-31,2025-01-27,4166.67,4166.67
P_L0101_2,L0101,2025-03-02,2025-03-01,4166.67,4166.67
P_L0101_3,L0101,2025-04-01,2025-04-08,4166.67,4166.67
P_L0101_4,L0101,2025-05-01,2025-04-27,4166.67,4166.67
P_L0101_5,L0101,2025-05-31,2025-06-19,4166.67,4166.67
P_L0101_6,L0101,2025-06-30,2025-06-27,4166.67,4166.67
P_L0102_1,L0102,2025-01-31,2025-01-27,12500.0,12500.0
P_L0102_2,L0102,2025-03-02,2025-03-04,12500.0,12500.0
P_L0102_3,L0102,2025-04-01,2025-04-21,12500.0,12500.0
P_L0102_4,L0102,2025-05-01,2025-08-03,12500.0,12500.0
P_L0103_1,L0103,2025-01-31,2025-01-28,12500.0,12500.0
P_L0103_2,L0103,2025-03-02,2025-02-27,12500.0,12500.0
P_L0103_3,L0103,2025-04-01,2025-06-14,12500.0,12500.0
P_L0104_1,L0104,2025-01-31,2025-01-31,2083.33,2083.33
P_L0104_2,L0104,2025-03-02,2025-03-02,2083.33,2083.33
P_L0104_3,L0104,2025-04-01,2025-03-31,2083.33,2083.33
P_L0104_4,L0104,2025-05-01,2025-05-01,2083.33,2083.33
P_L0105_1,L0105,2025-01-31,2025-01-28,8333.33,8333.33
P_L0105_2,L0105,2025-03-02,2025-02-26,8333.33,8333.33
P_L0105_3,L0105,2025-04-01,2025-03-28,8333.33,8333.33
P_L0105_4,L0105,2025-05-01,2025-05-19,8333.33,8333.33
P_L0106_1,L0106,2025-01-31,2025-01-28,2083.33,2083.33
P_L0106_2,L0106,2025-03-02,2025-03-01,2083.33,2083.33
P_L0106_3,L0106,2025-04-01,2025-04-01,2083.33,2083.33
P_L0106_4,L0106,2025-05-01,2025-04-28,2083.33,2083.33
P_L0106_5,L0106,2025-05-31,2025-05-30,2083.33,2083.33
P_L0106_6,L0106,2025-06-30,2025-06-28,2083.33,2083.33
P_L0107_1,L0107,2025-01-31,2025-01-29,12500.0,12500.0
P_L0107_2,L0107,2025-03-02,2025-02-27,12500.0,12500.0
P_L0107_3,L0107,2025-04-01,2025-03-28,12500.0,12500.0
P_L0108_1,L0108,2025-01-31,2025-01-31,12500.0,12500.0
P_L0108_2,L0108,2025-03-02,2025-02-27,12500.0,12500.0
P_L0108_3,L0108,2025-04-01,2025-03-31,12500.0,12500.0
P_L0108_4,L0108,2025-05-01,2025-04-29,12500.0,12500.0
P_L0108_5,L0108,2025-05-31,2025-05-27,12500.0,12500.0
P_L0109_1,L0109,2025-01-31,2025-01-27,833.33,833.33
P_L0109_2,L0109,2025-03-02,2025-02-28,833.33,833.33
P_L0109_3,L0109,2025-04-01,2025-04-01,833.33,833.33
P_L0109_4,L0109,2025-05-01,2025-04-29,833.33,833.33
P_L0109_5,L0109,2025-05-31,2025-05-27,833.33,833.33
P_L0109_6,L0109,2025-06-30,2025-06-29,833.33,833.33
P_L0110_1,L0110,2025-01-31,2025-01-29,12500.0,12500.0
P_L0110_2,L0110,2025-03-02,2025-02-28,12500.0,12500.0
P_L0110_3,L0110,2025-04-01,2025-03-30,12500.0,12500.0
P_L0110_4,L0110,2025-05-01,2025-04-30,12500.0,12500.0
P_L0110_5,L0110,2025-05-31,2025-05-30,12500.0,12500.0
P_L0110_6,L0110,2025-06-30,2025-06-30,12500.0,12500.0
P_L0111_1,L0111,2025-01-31,2025-01-31,833.33,833.33
P_L0111_2,L0111,2025-03-02,2025-03-01,833.33,833.33
P_L0111_3,L0111,2025-04-01,2025-03-30,833.33,833.33
P_L0111_4,L0111,2025-05-01,2025-04-27,833.33,833.33
P_L0111_5,L0111,2025-05-31,2025-07-21,833.33,833.33
P_L0111_6,L0111,2025-06-30,2025-06-29,833.33,833.33
P_L0112_1,L0112,2025-01-31,2025-01-28,8333.33,8333.33
P_L0112_2,L0112,2025-03-02,2025-03-02,8333.33,8333.33
P_L0112_3,L0112,2025-04-01,2025-06-14,8333.33,8333.33
P_L0112_4,L0112,2025-05-01,2025-05-01,8333.33,8333.33
P_L0112_5,L0112,2025-05-31,2025-05-29,8333.33,8333.33
P_L0112_6,L0112,2025-06-30,2025-06-26,8333.33,8333.33
P_L0113_1,L0113,2025-01-31,2025-01-31,2083.33,2083.33
P_L0113_2,L0113,2025-03-02,2025-02-27,2083.33,2083.33
P_L0113_3,L0113,2025-04-01,2025-03-31,2083.33,2083.33
P_L0114_1,L0114,2025-01-31,2025-01-30,2083.33,2083.33
P_L0114_2,L0114,2025-03-02,2025-03-01,2083.33,2083.33
P_L0114_3,L0114,2025-04-01,2025-03-28,2083.33,2083.33
P_L0115_1,L0115,2025-01-31,2025-01-30,833.33,833.33
P_L0115_2,L0115,2025-03-02,2025-02-26,833.33,833.33
P_L0115_3,L0115,2025-04-01,2025-03-29,833.33,833.33
P_L0115_4,L0115,2025-05-01,2025-04-30,833.33,833.33
P_L0115_5,L0115,2025-05-31,2025-05-31,833.33,833.33
P_L0116_1,L0116,2025-01-31,2025-01-29,2083.33,2083.33
P_L0116_2,L0116,2025-03-02,2025-02-26,2083.33,2083.33
P_L0116_3,L0116,2025-04-01,2025-03-28,2083.33,2083.33
P_L0116_4,L0116,2025-05-01,2025-04-30,2083.33,2083.33
P_L0117_1,L0117,2025-01-31,2025-01-31,12500.0,12500.0
P_L0117_2,L0117,2025-03-02,2025-03-02,12500.0,12500.0
P_L0117_3,L0117,2025-04-01,2025-04-01,12500.0,12500.0
P_L0117_4,L0117,2025-05-01,2025-04-30,12500.0,12500.0
P_L0117_5,L0117,2025-05-31,2025-05-30,12500.0,12500.0
P_L0118_1,L0118,2025-01-31,2025-01-30,4166.67,4166.67
P_L0118_2,L0118,2025-03-02,2025-03-15,4166.67,4166.67
P_L0118_3,L0118,2025-04-01,2025-03-30,4166.67,4166.67
P_L0118_4,L0118,2025-05-01,2025-04-28,4166.67,4166.67
P_L0118_5,L0118,2025-05-31,2025-05-31,4166.67,4166.67
P_L0119_1,L0119,2025-01-31,2025-05-19,833.33,833.33
P_L0119_2,L0119,2025-03-02,2025-02-27,833.33,833.33
P_L0119_3,L0119,2025-04-01,2025-03-31,833.33,833.33
P_L0120_1,L0120,2025-01-31,2025-05-14,2083.33,2083.33
P_L0120_2,L0120,2025-03-02,2025-03-02,2083.33,994.4
P_L0120_3,L0120,2025-04-01,2025-06-08,2083.33,2083.33
P_L0120_4,L0120,2025-05-01,2025-06-18,2083.33,1653.87
P_L0121_1,L0121,2025-01-31,2025-04-29,833.33,833.33
P_L0121_2,L0121,2025-03-02,2025-04-30,833.33,833.33
P_L0121_3,L0121,2025-04-01,2025-03-28,833.33,833.33
P_L0122_1,L0122,2025-01-31,2025-04-11,833.33,833.33
P_L0122_2,L0122,2025-03-02,2025-02-28,833.33,833.33
P_L0122_3,L0122,2025-04-01,2025-03-29,833.33,417.32
P_L0123_1,L0123,2025-01-31,2025-01-27,4166.67,4166.67
P_L0123_2,L0123,2025-03-02,2025-03-01,4166.67,4166.67
P_L0123_3,L0123,2025-04-01,2025-05-28,4166.67,4166.67
P_L0124_1,L0124,2025-01-31,2025-02-03,12500.0,12500.0
P_L0124_2,L0124,2025-03-02,2025-02-26,12500.0,12500.0
P_L0124_3,L0124,2025-04-01,2025-05-18,12500.0,12500.0
P_L0124_4,L0124,2025-05-01,2025-05-01,12500.0,12500.0
P_L0125_1,L0125,2025-01-31,2025-01-31,833.33,833.33
P_L0125_2,L0125,2025-03-02,2025-03-01,833.33,833.33
P_L0125_3,L0125,2025-04-01,2025-03-31,833.33,833.33
P_L0125_4,L0125,2025-05-01,2025-04-29,833.33,833.33
P_L0125_5,L0125,2025-05-31,2025-05-27,833.33,833.33
P_L0126_1,L0126,2025-01-31,2025-01-31,2083.33,2083.33
P_L0126_2,L0126,2025-03-02,2025-02-26,2083.33,2083.33
P_L0126_3,L0126,2025-04-01,2025-04-01,2083.33,2083.33
P_L0126_4,L0126,2025-05-01,2025-04-29,2083.33,2083.33
P_L0126_5,L0126,2025-05-31,2025-05-31,2083.33,2083.33
P_L0126_6,L0126,2025-06-30,2025-10-06,2083.33,2083.33
P_L0127_1,L0127,2025-01-31,2025-04-20,8333.33,8333.33
P_L0127_2,L0127,2025-03-02,2025-02-26,8333.33,8333.33
P_L0127_3,L0127,2025-04-01,2025-03-31,8333.33,8333.33
P_L0127_4,L0127,2025-05-01,2025-04-29,8333.33,8333.33
P_L0127_5,L0127,2025-05-31,2025-05-30,8333.33,8333.33
P_L0127_6,L0127,2025-06-30,2025-06-26,8333.33,8333.33
P_L0128_1,L0128,2025-01-31,2025-01-28,833.33,833.33
P_L0128_2,L0128,2025-03-02,2025-03-02,833.33,833.33
P_L0128_3,L0128,2025-04-01,2025-03-28,833.33,833.33
P_L0128_4,L0128,2025-05-01,2025-04-27,833.33,833.33
P_L0128_5,L0128,2025-05-31,2025-05-29,833.33,833.33
P_L0128_6,L0128,2025-06-30,2025-06-29,833.33,833.33
P_L0129_1,L0129,2025-01-31,2025-01-27,833.33,833.33
P_L0129_2,L0129,2025-03-02,2025-02-28,833.33,833.33
P_L0129_3,L0129,2025-04-01,2025-03-29,833.33,833.33
P_L0129_4,L0129,2025-05-01,2025-04-29,833.33,833.33
P_L0129_5,L0129,2025-05-31,2025-06-13,833.33,833.33
P_L0129_6,L0129,2025-06-30,2025-06-30,833.33,833.33
P_L0130_1,L0130,2025-01-31,2025-01-29,4166.67,4166.67
P_L0130_2,L0130,2025-03-02,2025-02-26,4166.67,4166.67
P_L0130_3,L0130,2025-04-01,2025-03-31,4166.67,4166.67
P_L0131_1,L0131,2025-01-31,2025-02-23,12500.0,12500.0
P_L0131_2,L0131,2025-03-02,2025-04-03,12500.0,12500.0
P_L0131_3,L0131,2025-04-01,2025-03-31,12500.0,12500.0
P_L0132_1,L0132,2025-01-31,2025-01-27,8333.33,8333.33
P_L0132_2,L0132,2025-03-02,2025-03-01,8333.33,8333.33
P_L0132_3,L0132,2025-04-01,2025-03-30,8333.33,8333.33
P_L0132_4,L0132,2025-05-01,2025-05-01,8333.33,8333.33
P_L0132_5,L0132,2025-05-31,2025-09-06,8333.33,8333.33
P_L0132_6,L0132,2025-06-30,2025-06-26,8333.33,8333.33
P_L0133_1,L0133,2025-01-31,2025-04-24,2083.33,2083.33
P_L0133_2,L0133,2025-03-02,2025-03-01,2083.33,2083.33
P_L0133_3,L0133,2025-04-01,2025-03-31,2083.33,2083.33
P_L0133_4,L0133,2025-05-01,2025-04-28,2083.33,2083.33
P_L0133_5,L0133,2025-05-31,2025-05-27,2083.33,2083.33
P_L0134_1,L0134,2025-01-31,2025-01-28,8333.33,8333.33
P_L0134_2,L0134,2025-03-02,2025-03-01,8333.33,8333.33
P_L0134_3,L0134,2025-04-01,2025-04-01,8333.33,8333.33
P_L0135_1,L0135,2025-01-31,2025-02-10,2083.33,2083.33
P_L0135_2,L0135,2025-03-02,2025-03-01,2083.33,2083.33
P_L0135_3,L0135,2025-04-01,2025-06-22,2083.33,2083.33
P_L0135_4,L0135,2025-05-01,2025-04-27,2083.33,2083.33
P_L0135_5,L0135,2025-05-31,2025-05-29,2083.33,2083.33
P_L0135_6,L0135,2025-06-30,2025-09-14,2083.33,2083.33
P_L0136_1,L0136,2025-01-31,2025-03-05,12500.0,12500.0
P_L0136_2,L0136,2025-03-02,2025-02-28,12500.0,12500.0
P_L0136_3,L0136,2025-04-01,2025-03-31,12500.0,12500.0
P_L0136_4,L0136,2025-05-01,2025-04-30,12500.0,12500.0
P_L0136_5,L0136,2025-05-31,2025-05-31,12500.0,12500.0
P_L0137_1,L0137,2025-01-31,2025-01-27,2083.33,2083.33
P_L0137_2,L0137,2025-03-02,2025-02-27,2083.33,2083.33
P_L0137_3,L0137,2025-04-01,2025-03-29,2083.33,2083.33
P_L0137_4,L0137,2025-05-01,2025-04-29,2083.33,2083.33
P_L0137_5,L0137,2025-05-31,2025-05-28,2083.33,2083.33
P_L0138_1,L0138,2025-01-31,2025-01-27,4166.67,4166.67
P_L0138_2,L0138,2025-03-02,2025-02-26,4166.67,4166.67
P_L0138_3,L0138,2025-04-01,2025-03-30,4166.67,4166.67
P_L0138_4,L0138,2025-05-01,2025-04-29,4166.67,4166.67
P_L0138_5,L0138,2025-05-31,2025-05-30,4166.67,4166.67
P_L0138_6,L0138,2025-06-30,2025-06-29,4166.67,4166.67
P_L0139_1,L0139,2025-01-31,2025-02-25,4166.67,4166.67
P_L0139_2,L0139,2025-03-02,2025-06-18,4166.67,4166.67
P_L0139_3,L0139,2025-04-01,2025-04-01,4166.67,4166.67
P_L0140_1,L0140,2025-01-31,2025-01-29,4166.67,4166.67
P_L0140_2,L0140,2025-03-02,2025-02-27,4166.67,4166.67
P_L0140_3,L0140,2025-04-01,2025-07-03,4166.67,4166.67
P_L0141_1,L0141,2025-01-31,2025-02-24,4166.67,4166.67
P_L0141_2,L0141,2025-03-02,2025-02-28,4166.67,4166.67
P_L0141_3,L0141,2025-04-01,2025-04-16,4166.67,4166.67
P_L0141_4,L0141,2025-05-01,2025-05-01,4166.67,4166.67
P_L0141_5,L0141,2025-05-31,2025-05-28,4166.67,4166.67
P_L0141_6,L0141,2025-06-30,2025-06-30,4166.67,4166.67
P_L0142_1,L0142,2025-01-31,2025-01-27,8333.33,8333.33
P_L0142_2,L0142,2025-03-02,2025-02-28,8333.33,8333.33
P_L0142_3,L0142,2025-04-01,2025-04-01,8333.33,8333.33
P_L0142_4,L0142,2025-05-01,2025-05-19,8333.33,8333.33
P_L0142_5,L0142,2025-05-31,2025-05-30,8333.33,8333.33
P_L0142_6,L0142,2025-06-30,2025-06-28,8333.33,8333.33
P_L0143_1,L0143,2025-01-31,2025-01-28,12500.0,12500.0
P_L0143_2,L0143,2025-03-02,2025-02-28,12500.0,12500.0
P_L0143_3,L0143,2025-04-01,2025-04-01,12500.0,12500.0
P_L0144_1,L0144,2025-01-31,2025-03-18,2083.33,2083.33
P_L0144_2,L0144,2025-03-02,2025-05-21,2083.33,2083.33
P_L0144_3,L0144,2025-04-01,2025-03-29,2083.33,2083.33
P_L0145_1,L0145,2025-01-31,2025-01-30,2083.33,2083.33
P_L0145_2,L0145,2025-03-02,2025-03-01,2083.33,2083.33
P_L0145_3,L0145,2025-04-01,2025-04-01,2083.33,2083.33
P_L0145_4,L0145,2025-05-01,2025-05-01,2083.33,2083.33
P_L0145_5,L0145,2025-05-31,2025-05-30,2083.33,2083.33
P_L0145_6,L0145,2025-06-30,2025-06-29,2083.33,2083.33
P_L0146_1,L0146,2025-01-31,2025-01-30,4166.67,4166.67
P_L0146_2,L0146,2025-03-02,2025-03-01,4166.67,4166.67
P_L0146_3,L0146,2025-04-01,2025-05-15,4166.67,4166.67
P_L0146_4,L0146,2025-05-01,2025-04-29,4166.67,4166.67
P_L0147_1,L0147,2025-01-31,2025-01-31,4166.67,4166.67
P_L0147_2,L0147,2025-03-02,2025-03-02,4166.67,4166.67
P_L0147_3,L0147,2025-04-01,2025-03-31,4166.67,4166.67
P_L0148_1,L0148,2025-01-31,2025-01-29,833.33,833.33
P_L0148_2,L0148,2025-03-02,2025-02-28,833.33,833.33
P_L0148_3,L0148,2025-04-01,2025-03-29,833.33,833.33
P_L0148_4,L0148,2025-05-01,2025-04-30,833.33,833.33
P_L0148_5,L0148,2025-05-31,2025-05-31,833.33,833.33
P_L0148_6,L0148,2025-06-30,2025-06-28,833.33,833.33
P_L0149_1,L0149,2025-01-31,2025-04-28,12500.0,12500.0
P_L0149_2,L0149,2025-03-02,2025-03-02,12500.0,12500.0
P_L0149_3,L0149,2025-04-01,2025-03-31,12500.0,12500.0
P_L0149_4,L0149,2025-05-01,2025-04-28,12500.0,12500.0
P_L0150_1,L0150,2025-01-31,2025-01-27,8333.33,8333.33
P_L0150_2,L0150,2025-03-02,2025-02-28,8333.33,8333.33
P_L0150_3,L0150,2025-04-01,2025-03-31,8333.33,8333.33
P_L0151_1,L0151,2025-01-31,2025-05-07,2083.33,2083.33
P_L0151_2,L0151,2025-03-02,2025-03-30,2083.33,1333.57
P_L0151_3,L0151,2025-04-01,2025-06-03,2083.33,1500.47
P_L0151_4,L0151,2025-05-01,2025-07-25,2083.33,2083.33
P_L0151_5,L0151,2025-05-31,2025-05-28,2083.33,2083.33
P_L0152_1,L0152,2025-01-31,2025-01-28,833.33,833.33
P_L0152_2,L0152,2025-03-02,2025-03-01,833.33,833.33
P_L0152_3,L0152,2025-04-01,2025-04-01,833.33,833.33
P_L0152_4,L0152,2025-05-01,2025-04-27,833.33,833.33
P_L0152_5,L0152,2025-05-31,2025-05-28,833.33,833.33
P_L0152_6,L0152,2025-06-30,2025-06-29,833.33,833.33
P_L0153_1,L0153,2025-01-31,2025-03-14,833.33,833.33
P_L0153_2,L0153,2025-03-02,2025-03-14,833.33,833.33
P_L0153_3,L0153,2025-04-01,2025-04-22,833.33,833.33
P_L0153_4,L0153,2025-05-01,2025-05-09,833.33,833.33
P_L0153_5,L0153,2025-05-31,2025-05-30,833.33,654.75
P_L0153_6,L0153,2025-06-30,2025-09-07,833.33,432.15
P_L0154_1,L0154,2025-01-31,2025-01-31,2083.33,2083.33
P_L0154_2,L0154,2025-03-02,2025-03-02,2083.33,2083.33
P_L0154_3,L0154,2025-04-01,2025-04-01,2083.33,2083.33
P_L0154_4,L0154,2025-05-01,2025-04-29,2083.33,2083.33
P_L0155_1,L0155,2025-01-31,2025-04-06,8333.33,8333.33
P_L0155_2,L0155,2025-03-02,2025-02-27,8333.33,8333.33
P_L0155_3,L0155,2025-04-01,2025-03-30,8333.33,8333.33
P_L0156_1,L0156,2025-01-31,2025-02-14,833.33,833.33
P_L0156_2,L0156,2025-03-02,2025-02-26,833.33,833.33
P_L0156_3,L0156,2025-04-01,2025-04-01,833.33,833.33
P_L0156_4,L0156,2025-05-01,2025-04-28,833.33,833.33
P_L0157_1,L0157,2025-01-31,2025-01-31,833.33,833.33
P_L0157_2,L0157,2025-03-02,2025-02-27,833.33,833.33
P_L0157_3,L0157,2025-04-01,2025-03-30,833.33,833.33
P_L0157_4,L0157,2025-05-01,2025-04-27,833.33,833.33
P_L0157_5,L0157,2025-05-31,2025-05-31,833.33,833.33
P_L0157_6,L0157,2025-06-30,2025-06-27,833.33,833.33
P_L0158_1,L0158,2025-01-31,2025-01-28,12500.0,12500.0
P_L0158_2,L0158,2025-03-02,2025-02-27,12500.0,12500.0
P_L0158_3,L0158,2025-04-01,2025-03-31,12500.0,12500.0
P_L0158_4,L0158,2025-05-01,2025-06-07,12500.0,12500.0
P_L0158_5,L0158,2025-05-31,2025-05-27,12500.0,12500.0
P_L0158_6,L0158,2025-06-30,2025-06-28,12500.0,12500.0
P_L0159_1,L0159,2025-01-31,2025-01-29,8333.33,8333.33
P_L0159_2,L0159,2025-03-02,2025-03-02,8333.33,8333.33
P_L0159_3,L0159,2025-04-01,2025-03-29,8333.33,8333.33
P_L0159_4,L0159,2025-05-01,2025-04-27,8333.33,8333.33
P_L0160_1,L0160,2025-01-31,2025-01-29,833.33,833.33
P_L0160_2,L0160,2025-03-02,2025-05-30,833.33,833.33
P_L0160_3,L0160,2025-04-01,2025-04-01,833.33,833.33
P_L0160_4,L0160,2025-05-01,2025-04-29,833.33,833.33
P_L0161_1,L0161,2025-01-31,2025-01-28,8333.33,8333.33
P_L0161_2,L0161,2025-03-02,2025-04-16,8333.33,8333.33
P_L0161_3,L0161,2025-04-01,2025-05-21,8333.33,8333.33
P_L0161_4,L0161,2025-05-01,2025-04-30,8333.33,8333.33
P_L0162_1,L0162,2025-01-31,2025-01-27,2083.33,2083.33
P_L0162_2,L0162,2025-03-02,2025-02-26,2083.33,2083.33
P_L0162_3,L0162,2025-04-01,2025-03-31,2083.33,2083.33
P_L0163_1,L0163,2025-01-31,2025-01-30,4166.67,4166.67
P_L0163_2,L0163,2025-03-02,2025-03-01,4166.67,4166.67
P_L0163_3,L0163,2025-04-01,2025-03-31,4166.67,4166.67
P_L0164_1,L0164,2025-01-31,2025-01-31,833.33,833.33
P_L0164_2,L0164,2025-03-02,2025-05-13,833.33,833.33
P_L0164_3,L0164,2025-04-01,2025-03-29,833.33,833.33
P_L0164_4,L0164,2025-05-01,2025-04-29,833.33,833.33
P_L0164_5,L0164,2025-05-31,2025-05-27,833.33,833.33
P_L0164_6,L0164,2025-06-30,2025-06-30,833.33,833.33
P_L0165_1,L0165,2025-01-31,2025-01-30,12500.0,12500.0
P_L0165_2,L0165,2025-03-02,2025-03-02,12500.0,12500.0
P_L0165_3,L0165,2025-04-01,2025-04-01,12500.0,12500.0
P_L0165_4,L0165,2025-05-01,2025-05-01,12500.0,12500.0
P_L0166_1,L0166,2025-01-31,2025-05-16,2083.33,1302.61
P_L0166_2,L0166,2025-03-02,2025-02-27,2083.33,2083.33
P_L0166_3,L0166,2025-04-01,2025-03-31,2083.33,2083.33
P_L0167_1,L0167,2025-01-31,2025-04-16,8333.33,8333.33
P_L0167_2,L0167,2025-03-02,2025-05-12,8333.33,3852.44
P_L0167_3,L0167,2025-04-01,2025-06-11,8333.33,8333.33
P_L0167_4,L0167,2025-05-01,2025-08-02,8333.33,8333.33
P_L0167_5,L0167,2025-05-31,2025-07-05,8333.33,2804.98
P_L0168_1,L0168,2025-01-31,2025-01-30,2083.33,2083.33
P_L0168_2,L0168,2025-03-02,2025-03-02,2083.33,2083.33
P_L0168_3,L0168,2025-04-01,2025-03-31,2083.33,2083.33
P_L0168_4,L0168,2025-05-01,2025-04-30,2083.33,2083.33
P_L0168_5,L0168,2025-05-31,2025-05-27,2083.33,2083.33
P_L0169_1,L0169,2025-01-31,2025-01-28,833.33,833.33
P_L0169_2,L0169,2025-03-02,2025-02-26,833.33,833.33
P_L0169_3,L0169,2025-04-01,2025-03-29,833.33,833.33
P_L0170_1,L0170,2025-01-31,2025-01-30,8333.33,8333.33
P_L0170_2,L0170,2025-03-02,2025-02-28,8333.33,8333.33
P_L0170_3,L0170,2025-04-01,2025-04-24,8333.33,8333.33
P_L0170_4,L0170,2025-05-01,2025-04-27,8333.33,8333.33
P_L0170_5,L0170,2025-05-31,2025-05-31,8333.33,8333.33
P_L0171_1,L0171,2025-01-31,2025-01-28,4166.67,4166.67
P_L0171_2,L0171,2025-03-02,2025-02-28,4166.67,4166.67
P_L0171_3,L0171,2025-04-01,2025-06-08,4166.67,4166.67
P_L0171_4,L0171,2025-05-01,2025-04-28,4166.67,4166.67
P_L0171_5,L0171,2025-05-31,2025-05-27,4166.67,4166.67
P_L0171_6,L0171,2025-06-30,2025-06-28,4166.67,4166.67
P_L0172_1,L0172,2025-01-31,2025-01-28,2083.33,2083.33
P_L0172_2,L0172,2025-03-02,2025-03-01,2083.33,2083.33
P_L0172_3,L0172,2025-04-01,2025-03-29,2083.33,2083.33
P_L0172_4,L0172,2025-05-01,2025-04-29,2083.33,2083.33
P_L0172_5,L0172,2025-05-31,2025-05-28,2083.33,2083.33
P_L0172_6,L0172,2025-06-30,2025-06-26,2083.33,2083.33
P_L0173_1,L0173,2025-01-31,2025-01-31,833.33,833.33
P_L0173_2,L0173,2025-03-02,2025-03-01,833.33,833.33
P_L0173_3,L0173,2025-04-01,2025-03-29,833.33,833.33
P_L0173_4,L0173,2025-05-01,2025-05-01,833.33,833.33
P_L0173_5,L0173,2025-05-31,2025-05-27,833.33,833.33
P_L0174_1,L0174,2025-01-31,2025-02-13,12500.0,12500.0
P_L0174_2,L0174,2025-03-02,2025-02-26,12500.0,12500.0
P_L0174_3,L0174,2025-04-01,2025-04-01,12500.0,12500.0
P_L0174_4,L0174,2025-05-01,2025-04-30,12500.0,12500.0
P_L0175_1,L0175,2025-01-31,2025-01-27,8333.33,8333.33
P_L0175_2,L0175,2025-03-02,2025-03-02,8333.33,8333.33
P_L0175_3,L0175,2025-04-01,2025-03-28,8333.33,8333.33
P_L0175_4,L0175,2025-05-01,2025-04-29,8333.33,8333.33
P_L0175_5,L0175,2025-05-31,2025-05-30,8333.33,8333.33
P_L0175_6,L0175,2025-06-30,2025-06-28,8333.33,8333.33
P_L0176_1,L0176,2025-01-31,2025-03-27,2083.33,2083.33
P_L0176_2,L0176,2025-03-02,2025-03-02,2083.33,2083.33
P_L0176_3,L0176,2025-04-01,2025-03-31,2083.33,2083.33
P_L0176_4,L0176,2025-05-01,2025-04-27,2083.33,2083.33
P_L0176_5,L0176,2025-05-31,2025-07-18,2083.33,2083.33
P_L0176_6,L0176,2025-06-30,2025-06-28,2083.33,2083.33
P_L0177_1,L0177,2025-01-31,2025-01-29,2083.33,2083.33
P_L0177_2,L0177,2025-03-02,2025-02-26,2083.33,2083.33
P_L0177_3,L0177,2025-04-01,2025-04-01,2083.33,2083.33
P_L0177_4,L0177,2025-05-01,2025-04-29,2083.33,2083.33
P_L0177_5,L0177,2025-05-31,2025-05-30,2083.33,2083.33
P_L0177_6,L0177,2025-06-30,2025-06-26,2083.33,2083.33
P_L0178_1,L0178,2025-01-31,2025-01-29,4166.67,4166.67
P_L0178_2,L0178,2025-03-02,2025-03-21,4166.67,4166.67
P_L0178_3,L0178,2025-04-01,2025-05-03,4166.67,1415.46
P_L0178_4,L0178,2025-05-01,2025-08-06,4166.67,4166.67
P_L0178_5,L0178,2025-05-31,2025-09-05,4166.67,1989.58
P_L0179_1,L0179,2025-01-31,2025-01-28,4166.67,4166.67
P_L0179_2,L0179,2025-03-02,2025-02-26,4166.67,4166.67
P_L0179_3,L0179,2025-04-01,2025-03-28,4166.67,4166.67
P_L0179_4,L0179,2025-05-01,2025-04-30,4166.67,4166.67
P_L0179_5,L0179,2025-05-31,2025-05-28,4166.67,4166.67
P_L0179_6,L0179,2025-06-30,2025-06-28,4166.67,4166.67
P_L0180_1,L0180,2025-01-31,2025-01-28,12500.0,12500.0
P_L0180_2,L0180,2025-03-02,2025-03-02,12500.0,12500.0
P_L0180_3,L0180,2025-04-01,2025-03-29,12500.0,12500.0
P_L0180_4,L0180,2025-05-01,2025-06-14,12500.0,12500.0
P_L0181_1,L0181,2025-01-31,2025-01-27,12500.0,12500.0
P_L0181_2,L0181,2025-03-02,2025-03-01,12500.0,6564.82
P_L0181_3,L0181,2025-04-01,2025-04-01,12500.0,12500.0
P_L0181_4,L0181,2025-05-01,2025-04-29,12500.0,12500.0
P_L0182_1,L0182,2025-01-31,2025-05-15,833.33,833.33
P_L0182_2,L0182,2025-03-02,2025-05-25,833.33,833.33
P_L0182_3,L0182,2025-04-01,2025-03-29,833.33,833.33
P_L0183_1,L0183,2025-01-31,2025-01-27,833.33,833.33
P_L0183_2,L0183,2025-03-02,2025-03-24,833.33,833.33
P_L0183_3,L0183,2025-04-01,2025-07-13,833.33,833.33
P_L0184_1,L0184,2025-01-31,2025-02-16,12500.0,12500.0
P_L0184_2,L0184,2025-03-02,2025-02-27,12500.0,12500.0
P_L0184_3,L0184,2025-04-01,2025-03-29,12500.0,12500.0
P_L0184_4,L0184,2025-05-01,2025-04-30,12500.0,12500.0
P_L0184_5,L0184,2025-05-31,2025-05-31,12500.0,12500.0
P_L0184_6,L0184,2025-06-30,2025-09-29,12500.0,12500.0
P_L0185_1,L0185,2025-01-31,2025-01-29,12500.0,12500.0
P_L0185_2,L0185,2025-03-02,2025-03-01,12500.0,12500.0
P_L0185_3,L0185,2025-04-01,2025-03-30,12500.0,12500.0
P_L0186_1,L0186,2025-01-31,2025-01-28,8333.33,8333.33
P_L0186_2,L0186,2025-03-02,2025-03-01,8333.33,8333.33
P_L0186_3,L0186,2025-04-01,2025-04-01,8333.33,8333.33
P_L0186_4,L0186,2025-05-01,2025-07-22,8333.33,8333.33
P_L0187_1,L0187,2025-01-31,2025-01-30,4166.67,4166.67
P_L0187_2,L0187,2025-03-02,2025-02-28,4166.67,4166.67
P_L0187_3,L0187,2025-04-01,2025-03-29,4166.67,4166.67
P_L0188_1,L0188,2025-01-31,2025-02-21,833.33,314.08
P_L0188_2,L0188,2025-03-02,2025-05-19,833.33,833.33
P_L0188_3,L0188,2025-04-01,2025-04-26,833.33,833.33
P_L0188_4,L0188,2025-05-01,2025-06-03,833.33,833.33
P_L0189_1,L0189,2025-01-31,2025-01-27,4166.67,4166.67
P_L0189_2,L0189,2025-03-02,2025-02-28,4166.67,4166.67
P_L0189_3,L0189,2025-04-01,2025-04-01,4166.67,4166.67
P_L0189_4,L0189,2025-05-01,2025-04-30,4166.67,4166.67
P_L0190_1,L0190,2025-01-31,2025-01-28,4166.67,4166.67
P_L0190_2,L0190,2025-03-02,2025-02-27,4166.67,4166.67
P_L0190_3,L0190,2025-04-01,2025-03-29,4166.67,4166.67
P_L0190_4,L0190,2025-05-01,2025-04-28,4166.67,4166.67
P_L0190_5,L0190,2025-05-31,2025-05-28,4166.67,4166.67
P_L0190_6,L0190,2025-06-30,2025-06-27,4166.67,4166.67
P_L0191_1,L0191,2025-01-31,2025-01-27,12500.0,12500.0
P_L0191_2,L0191,2025-03-02,2025-03-04,12500.0,12500.0
P_L0191_3,L0191,2025-04-01,2025-03-30,12500.0,12500.0
P_L0191_4,L0191,2025-05-01,2025-04-27,12500.0,12500.0
P_L0191_5,L0191,2025-05-31,2025-05-30,12500.0,12500.0
P_L0192_1,L0192,2025-01-31,2025-01-29,8333.33,8333.33
P_L0192_2,L0192,2025-03-02,2025-03-02,8333.33,8333.33
P_L0192_3,L0192,2025-04-01,2025-04-01,8333.33,8333.33
P_L0193_1,L0193,2025-01-31,2025-01-28,2083.33,2083.33
P_L0193_2,L0193,2025-03-02,2025-02-28,2083.33,2083.33
P_L0193_3,L0193,2025-04-01,2025-03-29,2083.33,2083.33
P_L0193_4,L0193,2025-05-01,2025-04-28,2083.33,2083.33
P_L0193_5,L0193,2025-05-31,2025-05-31,2083.33,2083.33
P_L0194_1,L0194,2025-01-31,2025-01-28,8333.33,8333.33
P_L0194_2,L0194,2025-03-02,2025-02-27,8333.33,8333.33
P_L0194_3,L0194,2025-04-01,2025-03-31,8333.33,8333.33
P_L0195_1,L0195,2025-01-31,2025-01-27,8333.33,8333.33
P_L0195_2,L0195,2025-03-02,2025-02-28,8333.33,8333.33
P_L0195_3,L0195,2025-04-01,2025-03-28,8333.33,8333.33
P_L0195_4,L0195,2025-05-01,2025-04-27,8333.33,8333.33
P_L0195_5,L0195,2025-05-31,2025-06-02,8333.33,8333.33
P_L0196_1,L0196,2025-01-31,2025-01-27,4166.67,4166.67
P_L0196_2,L0196,2025-03-02,2025-03-01,4166.67,4166.67
P_L0196_3,L0196,2025-04-01,2025-03-28,4166.67,4166.67
P_L0196_4,L0196,2025-05-01,2025-04-27,4166.67,4166.67
P_L0197_1,L0197,2025-01-31,2025-04-26,8333.33,2769.24
P_L0197_2,L0197,2025-03-02,2025-05-22,8333.33,4783.16
P_L0197_3,L0197,2025-04-01,2025-05-23,8333.33,3121.82
P_L0197_4,L0197,2025-05-01,2025-06-04,8333.33,8333.33
P_L0198_1,L0198,2025-01-31,2025-01-29,833.33,833.33
P_L0198_2,L0198,2025-03-02,2025-02-27,833.33,833.33
P_L0198_3,L0198,2025-04-01,2025-03-31,833.33,833.33
P_L0198_4,L0198,2025-05-01,2025-04-27,833.33,833.33
P_L0198_5,L0198,2025-05-31,2025-05-31,833.33,833.33
P_L0198_6,L0198,2025-06-30,2025-06-30,833.33,833.33
P_L0199_1,L0199,2025-01-31,2025-01-27,4166.67,4166.67
P_L0199_2,L0199,2025-03-02,2025-04-29,4166.67,4166.67
P_L0199_3,L0199,2025-04-01,2025-07-14,4166.67,4166.67
P_L0200_1,L0200,2025-01-31,2025-01-30,833.33,833.33
P_L0200_2,L0200,2025-03-02,2025-03-02,833.33,833.33
P_L0200_3,L0200,2025-04-01,2025-03-29,833.33,833.33
P_L0201_1,L0201,2025-01-31,2025-01-29,2083.33,1654.45
P_L0201_2,L0201,2025-03-02,2025-03-10,2083.33,713.32
P_L0201_3,L0201,2025-04-01,2025-03-28,2083.33,2083.33
P_L0201_4,L0201,2025-05-01,2025-05-18,2083.33,2083.33
P_L0201_5,L0201,2025-05-31,2025-05-30,2083.33,2083.33
P_L0202_1,L0202,2025-01-31,2025-01-29,4166.67,4166.67
P_L0202_2,L0202,2025-03-02,2025-02-27,4166.67,4166.67
P_L0202_3,L0202,2025-04-01,2025-03-31,4166.67,4166.67
P_L0202_4,L0202,2025-05-01,2025-04-30,4166.67,4166.67
P_L0202_5,L0202,2025-05-31,2025-09-04,4166.67,4166.67
P_L0202_6,L0202,2025-06-30,2025-06-30,4166.67,4166.67
P_L0203_1,L0203,2025-01-31,2025-01-31,2083.33,2083.33
P_L0203_2,L0203,2025-03-02,2025-02-28,2083.33,1265.64
P_L0203_3,L0203,2025-04-01,2025-04-01,2083.33,2083.33
P_L0203_4,L0203,2025-05-01,2025-05-11,2083.33,2083.33
P_L0203_5,L0203,2025-05-31,2025-09-12,2083.33,1131.26
P_L0204_1,L0204,2025-01-31,2025-01-28,4166.67,4166.67
P_L0204_2,L0204,2025-03-02,2025-03-01,4166.67,4166.67
P_L0204_3,L0204,2025-04-01,2025-03-31,4166.67,4166.67
P_L0204_4,L0204,2025-05-01,2025-05-01,4166.67,4166.67
P_L0204_5,L0204,2025-05-31,2025-05-28,4166.67,4166.67
P_L0204_6,L0204,2025-06-30,2025-06-29,4166.67,4166.67
P_L0205_1,L0205,2025-01-31,2025-01-28,12500.0,12500.0
P_L0205_2,L0205,2025-03-02,2025-04-03,12500.0,12500.0
P_L0205_3,L0205,2025-04-01,2025-04-01,12500.0,12500.0
P_L0205_4,L0205,2025-05-01,2025-04-29,12500.0,12500.0
P_L0206_1,L0206,2025-01-31,2025-01-31,8333.33,8333.33
P_L0206_2,L0206,2025-03-02,2025-03-01,8333.33,8333.33
P_L0206_3,L0206,2025-04-01,2025-03-28,8333.33,8333.33
P_L0206_4,L0206,2025-05-01,2025-04-28,8333.33,8333.33
P_L0207_1,L0207,2025-01-31,2025-04-27,12500.0,12500.0
P_L0207_2,L0207,2025-03-02,2025-03-02,12500.0,12500.0
P_L0207_3,L0207,2025-04-01,2025-03-28,12500.0,12500.0
P_L0207_4,L0207,2025-05-01,2025-04-30,12500.0,12500.0
P_L0207_5,L0207,2025-05-31,2025-08-18,12500.0,12500.0
P_L0207_6,L0207,2025-06-30,2025-08-19,12500.0,12500.0
P_L0208_1,L0208,2025-01-31,2025-01-28,2083.33,2083.33
P_L0208_2,L0208,2025-03-02,2025-02-28,2083.33,2083.33
P_L0208_3,L0208,2025-04-01,2025-04-01,2083.33,2083.33
P_L0208_4,L0208,2025-05-01,2025-04-29,2083.33,2083.33
P_L0208_5,L0208,2025-05-31,2025-05-28,2083.33,2083.33
P_L0209_1,L0209,2025-01-31,2025-01-27,8333.33,8333.33
P_L0209_2,L0209,2025-03-02,2025-06-16,8333.33,8333.33
P_L0209_3,L0209,2025-04-01,2025-04-01,8333.33,8333.33
P_L0209_4,L0209,2025-05-01,2025-04-29,8333.33,8333.33
P_L0209_5,L0209,2025-05-31,2025-05-29,8333.33,8333.33
P_L0210_1,L0210,2025-01-31,2025-01-30,4166.67,4166.67
P_L0210_2,L0210,2025-03-02,2025-03-01,4166.67,4166.67
P_L0210_3,L0210,2025-04-01,2025-03-30,4166.67,4166.67
P_L0210_4,L0210,2025-05-01,2025-05-01,4166.67,4166.67
P_L0210_5,L0210,2025-05-31,2025-05-31,4166.67,4166.67
P_L0210_6,L0210,2025-06-30,2025-06-29,4166.67,4166.67
P_L0211_1,L0211,2025-01-31,2025-01-28,8333.33,8333.33
P_L0211_2,L0211,2025-03-02,2025-03-02,8333.33,8333.33
P_L0211_3,L0211,2025-04-01,2025-04-01,8333.33,8333.33
P_L0211_4,L0211,2025-05-01,2025-04-29,8333.33,8333.33
P_L0212_1,L0212,2025-01-31,2025-03-28,833.33,833.33
P_L0212_2,L0212,2025-03-02,2025-03-06,833.33,833.33
P_L0212_3,L0212,2025-04-01,2025-03-30,833.33,526.27
P_L0212_4,L0212,2025-05-01,2025-08-12,833.33,508.16
P_L0212_5,L0212,2025-05-31,2025-07-27,833.33,833.33
P_L0213_1,L0213,2025-01-31,2025-01-28,8333.33,8333.33
P_L0213_2,L0213,2025-03-02,2025-02-28,8333.33,8333.33
P_L0213_3,L0213,2025-04-01,2025-03-31,8333.33,8333.33
P_L0214_1,L0214,2025-01-31,2025-01-30,833.33,833.33
P_L0214_2,L0214,2025-03-02,2025-05-01,833.33,833.33
P_L0214_3,L0214,2025-04-01,2025-06-23,833.33,389.26
P_L0214_4,L0214,2025-05-01,2025-04-27,833.33,833.33
P_L0214_5,L0214,2025-05-31,2025-07-18,833.33,833.33
P_L0215_1,L0215,2025-01-31,2025-01-31,8333.33,8333.33
P_L0215_2,L0215,2025-03-02,2025-02-27,8333.33,8333.33
P_L0215_3,L0215,2025-04-01,2025-03-29,8333.33,8333.33
P_L0215_4,L0215,2025-05-01,2025-04-29,8333.33,8333.33
P_L0216_1,L0216,2025-01-31,2025-01-27,833.33,833.33
P_L0216_2,L0216,2025-03-02,2025-02-27,833.33,833.33
P_L0216_3,L0216,2025-04-01,2025-03-30,833.33,833.33
P_L0217_1,L0217,2025-01-31,2025-01-28,2083.33,2083.33
P_L0217_2,L0217,2025-03-02,2025-03-02,2083.33,2083.33
P_L0217_3,L0217,2025-04-01,2025-03-28,2083.33,2083.33
P_L0217_4,L0217,2025-05-01,2025-04-27,2083.33,2083.33
P_L0217_5,L0217,2025-05-31,2025-05-29,2083.33,2083.33
P_L0218_1,L0218,2025-01-31,2025-01-27,12500.0,12500.0
P_L0218_2,L0218,2025-03-02,2025-02-28,12500.0,12500.0
P_L0218_3,L0218,2025-04-01,2025-03-28,12500.0,12500.0
P_L0219_1,L0219,2025-01-31,2025-01-30,4166.67,4166.67
P_L0219_2,L0219,2025-03-02,2025-02-26,4166.67,4166.67
P_L0219_3,L0219,2025-04-01,2025-03-29,4166.67,4166.67
P_L0219_4,L0219,2025-05-01,2025-04-30,4166.67,4166.67
P_L0219_5,L0219,2025-05-31,2025-05-28,4166.67,4166.67
P_L0220_1,L0220,2025-01-31,2025-01-30,8333.33,8333.33
P_L0220_2,L0220,2025-03-02,2025-03-02,8333.33,8333.33
P_L0220_3,L0220,2025-04-01,2025-05-12,8333.33,8333.33
P_L0220_4,L0220,2025-05-01,2025-04-28,8333.33,8333.33
P_L0221_1,L0221,2025-01-31,2025-01-28,12500.0,12500.0
P_L0221_2,L0221,2025-03-02,2025-02-27,12500.0,12500.0
P_L0221_3,L0221,2025-04-01,2025-04-25,12500.0,12500.0
P_L0221_4,L0221,2025-05-01,2025-04-28,12500.0,12500.0
P_L0221_5,L0221,2025-05-31,2025-05-28,12500.0,12500.0
P_L0221_6,L0221,2025-06-30,2025-06-29,12500.0,12500.0
P_L0222_1,L0222,2025-01-31,2025-05-06,4166.67,4166.67
P_L0222_2,L0222,2025-03-02,2025-02-27,4166.67,3027.27
P_L0222_3,L0222,2025-04-01,2025-06-22,4166.67,4166.67
P_L0222_4,L0222,2025-05-01,2025-07-08,4166.67,4166.67
P_L0222_5,L0222,2025-05-31,2025-05-30,4166.67,4166.67
P_L0222_6,L0222,2025-06-30,2025-06-26,4166.67,2122.49
P_L0223_1,L0223,2025-01-31,2025-01-27,4166.67,4166.67
P_L0223_2,L0223,2025-03-02,2025-03-01,4166.67,4166.67
P_L0223_3,L0223,2025-04-01,2025-06-27,4166.67,4166.67
P_L0223_4,L0223,2025-05-01,2025-07-28,4166.67,4166.67
P_L0223_5,L0223,2025-05-31,2025-05-29,4166.67,4166.67
P_L0223_6,L0223,2025-06-30,2025-06-27,4166.67,4166.67
P_L0224_1,L0224,2025-01-31,2025-03-05,833.33,833.33
P_L0224_2,L0224,2025-03-02,2025-05-09,833.33,833.33
P_L0224_3,L0224,2025-04-01,2025-04-01,833.33,833.33
P_L0225_1,L0225,2025-01-31,2025-01-31,2083.33,2083.33
P_L0225_2,L0225,2025-03-02,2025-06-08,2083.33,2083.33
P_L0225_3,L0225,2025-04-01,2025-04-01,2083.33,2083.33
P_L0225_4,L0225,2025-05-01,2025-07-10,2083.33,2083.33
P_L0225_5,L0225,2025-05-31,2025-06-05,2083.33,2083.33
P_L0226_1,L0226,2025-01-31,2025-04-15,2083.33,2083.33
P_L0226_2,L0226,2025-03-02,2025-02-28,2083.33,2083.33
P_L0226_3,L0226,2025-04-01,2025-03-29,2083.33,2083.33
P_L0226_4,L0226,2025-05-01,2025-06-10,2083.33,2083.33
P_L0226_5,L0226,2025-05-31,2025-07-29,2083.33,2083.33
P_L0226_6,L0226,2025-06-30,2025-06-28,2083.33,2083.33
P_L0227_1,L0227,2025-01-31,2025-01-27,12500.0,12500.0
P_L0227_2,L0227,2025-03-02,2025-02-27,12500.0,12500.0
P_L0227_3,L0227,2025-04-01,2025-03-28,12500.0,12500.0
P_L0227_4,L0227,2025-05-01,2025-04-28,12500.0,12500.0
P_L0227_5,L0227,2025-05-31,2025-05-29,12500.0,12500.0
P_L0228_1,L0228,2025-01-31,2025-01-30,2083.33,2083.33
P_L0228_2,L0228,2025-03-02,2025-03-02,2083.33,2083.33
P_L0228_3,L0228,2025-04-01,2025-04-26,2083.33,2083.33
P_L0229_1,L0229,2025-01-31,2025-01-28,8333.33,8333.33
P_L0229_2,L0229,2025-03-02,2025-02-27,8333.33,8333.33
P_L0229_3,L0229,2025-04-01,2025-03-29,8333.33,8333.33
P_L0229_4,L0229,2025-05-01,2025-04-29,8333.33,8333.33
P_L0229_5,L0229,2025-05-31,2025-05-29,8333.33,8333.33
P_L0229_6,L0229,2025-06-30,2025-06-28,8333.33,8333.33
P_L0230_1,L0230,2025-01-31,2025-01-28,2083.33,2083.33
P_L0230_2,L0230,2025-03-02,2025-02-27,2083.33,2083.33
P_L0230_3,L0230,2025-04-01,2025-04-01,2083.33,2083.33
P_L0230_4,L0230,2025-05-01,2025-04-30,2083.33,2083.33
P_L0230_5,L0230,2025-05-31,2025-05-28,2083.33,2083.33
P_L0230_6,L0230,2025-06-30,2025-06-29,2083.33,2083.33
P_L0231_1,L0231,2025-01-31,2025-01-27,12500.0,12500.0
P_L0231_2,L0231,2025-03-02,2025-03-01,12500.0,12500.0
P_L0231_3,L0231,2025-04-01,2025-04-01,12500.0,12500.0
P_L0231_4,L0231,2025-05-01,2025-04-27,12500.0,12500.0
P_L0231_5,L0231,2025-05-31,2025-05-29,12500.0,12500.0
P_L0232_1,L0232,2025-01-31,2025-01-29,2083.33,2083.33
P_L0232_2,L0232,2025-03-02,2025-02-27,2083.33,2083.33
P_L0232_3,L0232,2025-04-01,2025-04-01,2083.33,2083.33
P_L0233_1,L0233,2025-01-31,2025-01-27,8333.33,8333.33
P_L0233_2,L0233,2025-03-02,2025-02-26,8333.33,8333.33
P_L0233_3,L0233,2025-04-01,2025-03-29,8333.33,8333.33
P_L0233_4,L0233,2025-05-01,2025-04-29,8333.33,8333.33
P_L0233_5,L0233,2025-05-31,2025-05-29,8333.33,8333.33
P_L0234_1,L0234,2025-01-31,2025-01-31,833.33,833.33
P_L0234_2,L0234,2025-03-02,2025-03-22,833.33,833.33
P_L0234_3,L0234,2025-04-01,2025-03-28,833.33,833.33
P_L0235_1,L0235,2025-01-31,2025-01-27,12500.0,12500.0
P_L0235_2,L0235,2025-03-02,2025-03-01,12500.0,12500.0
P_L0235_3,L0235,2025-04-01,2025-05-31,12500.0,12500.0
P_L0235_4,L0235,2025-05-01,2025-04-29,12500.0,12500.0
P_L0235_5,L0235,2025-05-31,2025-05-28,12500.0,12500.0
P_L0236_1,L0236,2025-01-31,2025-01-30,833.33,833.33
P_L0236_2,L0236,2025-03-02,2025-02-27,833.33,833.33
P_L0236_3,L0236,2025-04-01,2025-03-31,833.33,833.33
P_L0236_4,L0236,2025-05-01,2025-04-28,833.33,833.33
P_L0236_5,L0236,2025-05-31,2025-05-31,833.33,833.33
P_L0236_6,L0236,2025-06-30,2025-06-27,833.33,833.33
P_L0237_1,L0237,2025-01-31,2025-01-30,833.33,833.33
P_L0237_2,L0237,2025-03-02,2025-03-02,833.33,833.33
P_L0237_3,L0237,2025-04-01,2025-04-01,833.33,833.33
P_L0237_4,L0237,2025-05-01,2025-04-29,833.33,833.33
P_L0238_1,L0238,2025-01-31,2025-01-29,833.33,833.33
P_L0238_2,L0238,2025-03-02,2025-03-18,833.33,833.33
P_L0238_3,L0238,2025-04-01,2025-03-30,833.33,833.33
P_L0238_4,L0238,2025-05-01,2025-04-28,833.33,833.33
P_L0239_1,L0239,2025-01-31,2025-01-31,4166.67,4166.67
P_L0239_2,L0239,2025-03-02,2025-03-02,4166.67,4166.67
P_L0239_3,L0239,2025-04-01,2025-03-30,4166.67,4166.67
P_L0239_4,L0239,2025-05-01,2025-05-01,4166.67,4166.67
P_L0239_5,L0239,2025-05-31,2025-05-27,4166.67,4166.67
P_L0240_1,L0240,2025-01-31,2025-01-27,4166.67,4166.67
P_L0240_2,L0240,2025-03-02,2025-02-27,4166.67,2932.08
P_L0240_3,L0240,2025-04-01,2025-06-19,4166.67,3139.99
P_L0240_4,L0240,2025-05-01,2025-04-29,4166.67,2181.37
P_L0240_5,L0240,2025-05-31,2025-09-08,4166.67,4166.67
P_L0241_1,L0241,2025-01-31,2025-01-29,833.33,833.33
P_L0241_2,L0241,2025-03-02,2025-03-02,833.33,833.33
P_L0241_3,L0241,2025-04-01,2025-03-31,833.33,833.33
P_L0241_4,L0241,2025-05-01,2025-05-01,833.33,833.33
P_L0242_1,L0242,2025-01-31,2025-01-29,12500.0,12500.0
P_L0242_2,L0242,2025-03-02,2025-03-02,12500.0,12500.0
P_L0242_3,L0242,2025-04-01,2025-03-28,12500.0,12500.0
P_L0242_4,L0242,2025-05-01,2025-05-01,12500.0,12500.0
P_L0242_5,L0242,2025-05-31,2025-05-31,12500.0,12500.0
P_L0243_1,L0243,2025-01-31,2025-01-28,8333.33,8333.33
P_L0243_2,L0243,2025-03-02,2025-04-09,8333.33,8333.33
P_L0243_3,L0243,2025-04-01,2025-05-07,8333.33,8333.33
P_L0243_4,L0243,2025-05-01,2025-05-31,8333.33,8333.33
P_L0243_5,L0243,2025-05-31,2025-07-03,8333.33,8333.33
P_L0243_6,L0243,2025-06-30,2025-06-30,8333.33,8333.33
P_L0244_1,L0244,2025-01-31,2025-01-29,8333.33,8333.33
P_L0244_2,L0244,2025-03-02,2025-03-02,8333.33,8333.33
P_L0244_3,L0244,2025-04-01,2025-06-08,8333.33,8333.33
P_L0244_4,L0244,2025-05-01,2025-04-30,8333.33,8333.33
P_L0245_1,L0245,2025-01-31,2025-01-31,2083.33,2083.33
P_L0245_2,L0245,2025-03-02,2025-02-26,2083.33,2083.33
P_L0245_3,L0245,2025-04-01,2025-03-29,2083.33,2083.33
P_L0246_1,L0246,2025-01-31,2025-01-30,12500.0,12500.0
P_L0246_2,L0246,2025-03-02,2025-02-26,12500.0,12500.0
P_L0246_3,L0246,2025-04-01,2025-03-29,12500.0,12500.0
P_L0246_4,L0246,2025-05-01,2025-04-28,12500.0,12500.0
P_L0246_5,L0246,2025-05-31,2025-05-27,12500.0,12500.0
P_L0247_1,L0247,2025-01-31,2025-01-28,4166.67,4166.67
P_L0247_2,L0247,2025-03-02,2025-03-01,4166.67,4166.67
P_L0247_3,L0247,2025-04-01,2025-04-01,4166.67,4166.67
P_L0248_1,L0248,2025-01-31,2025-01-28,833.33,833.33
P_L0248_2,L0248,2025-03-02,2025-03-02,833.33,833.33
P_L0248_3,L0248,2025-04-01,2025-03-29,833.33,833.33
P_L0248_4,L0248,2025-05-01,2025-04-27,833.33,833.33
P_L0248_5,L0248,2025-05-31,2025-05-28,833.33,833.33
P_L0248_6,L0248,2025-06-30,2025-06-28,833.33,833.33
P_L0249_1,L0249,2025-01-31,2025-01-28,2083.33,2083.33
P_L0249_2,L0249,2025-03-02,2025-02-27,2083.33,2083.33
P_L0249_3,L0249,2025-04-01,2025-03-29,2083.33,2083.33
P_L0249_4,L0249,2025-05-01,2025-04-30,2083.33,2083.33
P_L0249_5,L0249,2025-05-31,2025-05-31,2083.33,2083.33
P_L0249_6,L0249,2025-06-30,2025-06-30,2083.33,2083.33
P_L0250_1,L0250,2025-01-31,2025-02-12,8333.33,8333.33
P_L0250_2,L0250,2025-03-02,2025-02-28,8333.33,6548.05
P_L0250_3,L0250,2025-04-01,2025-07-09,8333.33,5044.91
P_L0250_4,L0250,2025-05-01,2025-06-26,8333.33,8333.33
P_L0251_1,L0251,2025-01-31,2025-03-18,4166.67,4166.67
P_L0251_2,L0251,2025-03-02,2025-03-10,4166.67,4166.67
P_L0251_3,L0251,2025-04-01,2025-07-07,4166.67,4166.67
P_L0252_1,L0252,2025-01-31,2025-01-27,4166.67,4166.67
P_L0252_2,L0252,2025-03-02,2025-03-01,4166.67,4166.67
P_L0252_3,L0252,2025-04-01,2025-04-01,4166.67,4166.67
P_L0252_4,L0252,2025-05-01,2025-04-27,4166.67,4166.67
P_L0253_1,L0253,2025-01-31,2025-01-27,833.33,833.33
P_L0253_2,L0253,2025-03-02,2025-03-02,833.33,833.33
P_L0253_3,L0253,2025-04-01,2025-06-04,833.33,833.33
P_L0254_1,L0254,2025-01-31,2025-02-11,8333.33,8333.33
P_L0254_2,L0254,2025-03-02,2025-02-26,8333.33,8333.33
P_L0254_3,L0254,2025-04-01,2025-03-29,8333.33,8333.33
P_L0254_4,L0254,2025-05-01,2025-04-27,8333.33,8333.33
P_L0254_5,L0254,2025-05-31,2025-05-28,8333.33,8333.33
P_L0255_1,L0255,2025-01-31,2025-01-27,12500.0,12500.0
P_L0255_2,L0255,2025-03-02,2025-02-27,12500.0,12500.0
P_L0255_3,L0255,2025-04-01,2025-04-01,12500.0,12500.0
P_L0256_1,L0256,2025-01-31,2025-03-02,4166.67,4166.67
P_L0256_2,L0256,2025-03-02,2025-03-02,4166.67,4166.67
P_L0256_3,L0256,2025-04-01,2025-03-31,4166.67,4166.67
P_L0256_4,L0256,2025-05-01,2025-04-28,4166.67,4166.67
P_L0256_5,L0256,2025-05-31,2025-05-28,4166.67,4166.67
P_L0257_1,L0257,2025-01-31,2025-02-28,833.33,833.33
P_L0257_2,L0257,2025-03-02,2025-03-02,833.33,833.33
P_L0257_3,L0257,2025-04-01,2025-04-16,833.33,833.33
P_L0257_4,L0257,2025-05-01,2025-04-30,833.33,833.33
P_L0258_1,L0258,2025-01-31,2025-01-30,12500.0,12500.0
P_L0258_2,L0258,2025-03-02,2025-02-28,12500.0,12500.0
P_L0258_3,L0258,2025-04-01,2025-03-31,12500.0,12500.0
P_L0258_4,L0258,2025-05-01,2025-07-13,12500.0,12500.0
P_L0258_5,L0258,2025-05-31,2025-05-28,12500.0,12500.0
P_L0259_1,L0259,2025-01-31,2025-01-29,8333.33,8333.33
P_L0259_2,L0259,2025-03-02,2025-02-26,8333.33,8333.33
P_L0259_3,L0259,2025-04-01,2025-03-31,8333.33,8333.33
P_L0259_4,L0259,2025-05-01,2025-05-13,8333.33,8333.33
P_L0259_5,L0259,2025-05-31,2025-05-31,8333.33,8333.33
P_L0260_1,L0260,2025-01-31,2025-01-30,4166.67,4166.67
P_L0260_2,L0260,2025-03-02,2025-03-02,4166.67,4166.67
P_L0260_3,L0260,2025-04-01,2025-04-01,4166.67,4166.67
P_L0260_4,L0260,2025-05-01,2025-05-01,4166.67,4166.67
P_L0260_5,L0260,2025-05-31,2025-05-27,4166.67,4166.67
P_L0261_1,L0261,2025-01-31,2025-01-28,12500.0,12500.0
P_L0261_2,L0261,2025-03-02,2025-03-02,12500.0,12500.0
P_L0261_3,L0261,2025-04-01,2025-03-31,12500.0,12500.0
P_L0261_4,L0261,2025-05-01,2025-04-28,12500.0,12500.0
P_L0262_1,L0262,2025-01-31,2025-01-29,12500.0,12500.0
P_L0262_2,L0262,2025-03-02,2025-03-02,12500.0,12500.0
P_L0262_3,L0262,2025-04-01,2025-03-30,12500.0,12500.0
P_L0262_4,L0262,2025-05-01,2025-04-30,12500.0,12500.0
P_L0263_1,L0263,2025-01-31,2025-01-28,12500.0,12500.0
P_L0263_2,L0263,2025-03-02,2025-03-01,12500.0,12500.0
P_L0263_3,L0263,2025-04-01,2025-05-08,12500.0,12500.0
P_L0263_4,L0263,2025-05-01,2025-04-27,12500.0,12500.0
P_L0263_5,L0263,2025-05-31,2025-05-31,12500.0,12500.0
P_L0264_1,L0264,2025-01-31,2025-01-27,4166.67,4166.67
P_L0264_2,L0264,2025-03-02,2025-03-01,4166.67,4166.67
P_L0264_3,L0264,2025-04-01,2025-03-30,4166.67,4166.67
P_L0264_4,L0264,2025-05-01,2025-04-29,4166.67,4166.67
P_L0264_5,L0264,2025-05-31,2025-05-31,4166.67,4166.67
P_L0265_1,L0265,2025-01-31,2025-01-27,4166.67,4166.67
P_L0265_2,L0265,2025-03-02,2025-02-27,4166.67,4166.67
P_L0265_3,L0265,2025-04-01,2025-04-01,4166.67,4166.67
P_L0266_1,L0266,2025-01-31,2025-01-27,2083.33,2083.33
P_L0266_2,L0266,2025-03-02,2025-05-29,2083.33,2083.33
P_L0266_3,L0266,2025-04-01,2025-03-29,2083.33,842.57
P_L0266_4,L0266,2025-05-01,2025-04-29,2083.33,649.32
P_L0266_5,L0266,2025-05-31,2025-05-27,2083.33,1562.58
P_L0267_1,L0267,2025-01-31,2025-01-28,8333.33,8333.33
P_L0267_2,L0267,2025-03-02,2025-02-27,8333.33,8333.33
P_L0267_3,L0267,2025-04-01,2025-04-01,8333.33,8333.33
P_L0268_1,L0268,2025-01-31,2025-03-31,833.33,833.33
P_L0268_2,L0268,2025-03-02,2025-02-27,833.33,833.33
P_L0268_3,L0268,2025-04-01,2025-07-06,833.33,833.33
P_L0269_1,L0269,2025-01-31,2025-01-27,12500.0,12500.0
P_L0269_2,L0269,2025-03-02,2025-03-02,12500.0,12500.0
P_L0269_3,L0269,2025-04-01,2025-03-28,12500.0,12500.0
P_L0269_4,L0269,2025-05-01,2025-04-29,12500.0,12500.0
P_L0269_5,L0269,2025-05-31,2025-05-29,12500.0,12500.0
P_L0269_6,L0269,2025-06-30,2025-06-26,12500.0,12500.0
P_L0270_1,L0270,2025-01-31,2025-01-27,2083.33,2083.33
P_L0270_2,L0270,2025-03-02,2025-02-27,2083.33,2083.33
P_L0270_3,L0270,2025-04-01,2025-03-30,2083.33,2083.33
P_L0270_4,L0270,2025-05-01,2025-04-29,2083.33,2083.33
P_L0270_5,L0270,2025-05-31,2025-05-27,2083.33,2083.33
P_L0271_1,L0271,2025-01-31,2025-01-30,833.33,833.33
P_L0271_2,L0271,2025-03-02,2025-02-28,833.33,833.33
P_L0271_3,L0271,2025-04-01,2025-03-30,833.33,833.33
P_L0271_4,L0271,2025-05-01,2025-05-01,833.33,833.33
P_L0271_5,L0271,2025-05-31,2025-05-29,833.33,833.33
P_L0272_1,L0272,2025-01-31,2025-01-28,2083.33,2083.33
P_L0272_2,L0272,2025-03-02,2025-02-26,2083.33,2083.33
P_L0272_3,L0272,2025-04-01,2025-03-30,2083.33,2083.33
P_L0273_1,L0273,2025-01-31,2025-01-27,4166.67,4166.67
P_L0273_2,L0273,2025-03-02,2025-02-26,4166.67,4166.67
P_L0273_3,L0273,2025-04-01,2025-03-28,4166.67,4166.67
P_L0273_4,L0273,2025-05-01,2025-04-28,4166.67,4166.67
P_L0273_5,L0273,2025-05-31,2025-05-28,4166.67,4166.67
P_L0274_1,L0274,2025-01-31,2025-01-28,12500.0,12500.0
P_L0274_2,L0274,2025-03-02,2025-02-28,12500.0,12500.0
P_L0274_3,L0274,2025-04-01,2025-03-29,12500.0,12500.0
P_L0275_1,L0275,2025-01-31,2025-01-30,833.33,833.33
P_L0275_2,L0275,2025-03-02,2025-02-28,833.33,833.33
P_L0275_3,L0275,2025-04-01,2025-03-30,833.33,833.33
P_L0275_4,L0275,2025-05-01,2025-05-01,833.33,833.33
P_L0275_5,L0275,2025-05-31,2025-05-31,833.33,833.33
P_L0275_6,L0275,2025-06-30,2025-06-28,833.33,833.33
P_L0276_1,L0276,2025-01-31,2025-01-28,833.33,833.33
P_L0276_2,L0276,2025-03-02,2025-02-28,833.33,833.33
P_L0276_3,L0276,2025-04-01,2025-04-01,833.33,833.33
P_L0276_4,L0276,2025-05-01,2025-06-15,833.33,833.33
P_L0277_1,L0277,2025-01-31,2025-01-31,833.33,833.33
P_L0277_2,L0277,2025-03-02,2025-02-28,833.33,833.33
P_L0277_3,L0277,2025-04-01,2025-03-30,833.33,833.33
P_L0278_1,L0278,2025-01-31,2025-03-19,833.33,833.33
P_L0278_2,L0278,2025-03-02,2025-03-01,833.33,833.33
P_L0278_3,L0278,2025-04-01,2025-03-30,833.33,833.33
P_L0278_4,L0278,2025-05-01,2025-04-27,833.33,833.33
P_L0278_5,L0278,2025-05-31,2025-05-29,833.33,648.93
P_L0279_1,L0279,2025-01-31,2025-01-30,833.33,833.33
P_L0279_2,L0279,2025-03-02,2025-03-02,833.33,833.33
P_L0279_3,L0279,2025-04-01,2025-05-01,833.33,833.33
P_L0279_4,L0279,2025-05-01,2025-07-05,833.33,833.33
P_L0279_5,L0279,2025-05-31,2025-05-27,833.33,833.33
P_L0280_1,L0280,2025-01-31,2025-02-13,2083.33,2083.33
P_L0280_2,L0280,2025-03-02,2025-02-26,2083.33,2083.33
P_L0280_3,L0280,2025-04-01,2025-04-01,2083.33,2083.33
P_L0281_1,L0281,2025-01-31,2025-01-29,12500.0,12500.0
P_L0281_2,L0281,2025-03-02,2025-03-02,12500.0,12500.0
P_L0281_3,L0281,2025-04-01,2025-03-29,12500.0,12500.0
P_L0281_4,L0281,2025-05-01,2025-04-29,12500.0,12500.0
P_L0281_5,L0281,2025-05-31,2025-05-29,12500.0,12500.0
P_L0282_1,L0282,2025-01-31,2025-01-27,4166.67,4166.67
P_L0282_2,L0282,2025-03-02,2025-05-24,4166.67,4166.67
P_L0282_3,L0282,2025-04-01,2025-05-11,4166.67,3004.32
P_L0282_4,L0282,2025-05-01,2025-08-11,4166.67,1401.88
P_L0283_1,L0283,2025-01-31,2025-01-28,4166.67,4166.67
P_L0283_2,L0283,2025-03-02,2025-02-28,4166.67,4166.67
P_L0283_3,L0283,2025-04-01,2025-03-30,4166.67,4166.67
P_L0284_1,L0284,2025-01-31,2025-01-27,4166.67,4166.67
P_L0284_2,L0284,2025-03-02,2025-03-02,4166.67,4166.67
P_L0284_3,L0284,2025-04-01,2025-03-28,4166.67,4166.67
P_L0284_4,L0284,2025-05-01,2025-05-20,4166.67,4166.67
P_L0285_1,L0285,2025-01-31,2025-01-31,4166.67,4166.67
P_L0285_2,L0285,2025-03-02,2025-03-02,4166.67,4166.67
P_L0285_3,L0285,2025-04-01,2025-03-31,4166.67,4166.67
P_L0286_1,L0286,2025-01-31,2025-01-28,2083.33,2083.33
P_L0286_2,L0286,2025-03-02,2025-03-01,2083.33,2083.33
P_L0286_3,L0286,2025-04-01,2025-03-29,2083.33,2083.33
P_L0286_4,L0286,2025-05-01,2025-04-27,2083.33,2083.33
P_L0287_1,L0287,2025-01-31,2025-01-28,8333.33,8333.33
P_L0287_2,L0287,2025-03-02,2025-03-01,8333.33,8333.33
P_L0287_3,L0287,2025-04-01,2025-03-31,8333.33,8333.33
P_L0287_4,L0287,2025-05-01,2025-04-30,8333.33,8333.33
P_L0287_5,L0287,2025-05-31,2025-05-31,8333.33,8333.33
P_L0287_6,L0287,2025-06-30,2025-06-30,8333.33,8333.33
P_L0288_1,L0288,2025-01-31,2025-01-27,12500.0,12500.0
P_L0288_2,L0288,2025-03-02,2025-06-06,12500.0,12500.0
P_L0288_3,L0288,2025-04-01,2025-04-01,12500.0,12500.0
P_L0288_4,L0288,2025-05-01,2025-04-30,12500.0,12500.0
P_L0288_5,L0288,2025-05-31,2025-05-27,12500.0,12500.0
P_L0289_1,L0289,2025-01-31,2025-01-27,833.33,833.33
P_L0289_2,L0289,2025-03-02,2025-03-02,833.33,833.33
P_L0289_3,L0289,2025-04-01,2025-03-30,833.33,833.33
P_L0289_4,L0289,2025-05-01,2025-04-30,833.33,833.33
P_L0289_5,L0289,2025-05-31,2025-05-28,833.33,833.33
P_L0289_6,L0289,2025-06-30,2025-06-28,833.33,833.33
P_L0290_1,L0290,2025-01-31,2025-01-28,8333.33,8333.33
P_L0290_2,L0290,2025-03-02,2025-03-02,8333.33,8333.33
P_L0290_3,L0290,2025-04-01,2025-03-31,8333.33,8333.33
P_L0291_1,L0291,2025-01-31,2025-01-29,4166.67,4166.67
P_L0291_2,L0291,2025-03-02,2025-03-01,4166.67,4166.67
P_L0291_3,L0291,2025-04-01,2025-06-25,4166.67,4166.67
P_L0292_1,L0292,2025-01-31,2025-01-27,8333.33,8333.33
P_L0292_2,L0292,2025-03-02,2025-03-02,8333.33,8333.33
P_L0292_3,L0292,2025-04-01,2025-04-01,8333.33,5757.6
P_L0293_1,L0293,2025-01-31,2025-01-31,12500.0,12500.0
P_L0293_2,L0293,2025-03-02,2025-02-27,12500.0,12500.0
P_L0293_3,L0293,2025-04-01,2025-03-30,12500.0,12500.0
P_L0293_4,L0293,2025-05-01,2025-04-30,12500.0,12500.0
P_L0293_5,L0293,2025-05-31,2025-05-29,12500.0,12500.0
P_L0293_6,L0293,2025-06-30,2025-06-27,12500.0,12500.0
P_L0294_1,L0294,2025-01-31,2025-01-30,833.33,833.33
P_L0294_2,L0294,2025-03-02,2025-02-27,833.33,833.33
P_L0294_3,L0294,2025-04-01,2025-04-01,833.33,833.33
P_L0294_4,L0294,2025-05-01,2025-04-29,833.33,833.33
P_L0294_5,L0294,2025-05-31,2025-05-31,833.33,833.33
P_L0295_1,L0295,2025-01-31,2025-01-27,833.33,833.33
P_L0295_2,L0295,2025-03-02,2025-03-11,833.33,833.33
P_L0295_3,L0295,2025-04-01,2025-03-29,833.33,833.33
P_L0295_4,L0295,2025-05-01,2025-04-28,833.33,833.33
P_L0295_5,L0295,2025-05-31,2025-05-28,833.33,833.33
P_L0295_6,L0295,2025-06-30,2025-06-30,833.33,833.33
P_L0296_1,L0296,2025-01-31,2025-05-18,12500.0,12500.0
P_L0296_2,L0296,2025-03-02,2025-04-25,12500.0,12500.0
P_L0296_3,L0296,2025-04-01,2025-05-24,12500.0,12500.0
P_L0296_4,L0296,2025-05-01,2025-08-11,12500.0,12500.0
P_L0296_5,L0296,2025-05-31,2025-09-08,12500.0,12500.0
P_L0296_6,L0296,2025-06-30,2025-07-03,12500.0,12500.0
P_L0297_1,L0297,2025-01-31,2025-01-28,12500.0,12500.0
P_L0297_2,L0297,2025-03-02,2025-04-14,12500.0,12500.0
P_L0297_3,L0297,2025-04-01,2025-03-31,12500.0,12500.0
P_L0298_1,L0298,2025-01-31,2025-04-06,4166.67,4166.67
P_L0298_2,L0298,2025-03-02,2025-03-02,4166.67,4166.67
P_L0298_3,L0298,2025-04-01,2025-03-30,4166.67,4166.67
P_L0298_4,L0298,2025-05-01,2025-06-17,4166.67,4166.67
P_L0298_5,L0298,2025-05-31,2025-06-06,4166.67,4166.67
P_L0298_6,L0298,2025-06-30,2025-07-25,4166.67,4166.67
P_L0299_1,L0299,2025-01-31,2025-03-29,833.33,833.33
P_L0299_2,L0299,2025-03-02,2025-02-28,833.33,833.33
P_L0299_3,L0299,2025-04-01,2025-03-28,833.33,833.33
P_L0299_4,L0299,2025-05-01,2025-04-29,833.33,833.33
P_L0300_1,L0300,2025-01-31,2025-01-31,8333.33,8333.33
P_L0300_2,L0300,2025-03-02,2025-02-26,8333.33,8333.33
P_L0300_3,L0300,2025-04-01,2025-03-29,8333.33,8333.33
P_L0301_1,L0301,2025-01-31,2025-05-16,2083.33,2083.33
P_L0301_2,L0301,2025-03-02,2025-03-01,2083.33,2083.33
P_L0301_3,L0301,2025-04-01,2025-03-29,2083.33,2083.33
P_L0301_4,L0301,2025-05-01,2025-04-30,2083.33,2083.33
P_L0301_5,L0301,2025-05-31,2025-05-31,2083.33,2083.33
P_L0301_6,L0301,2025-06-30,2025-06-27,2083.33,2083.33
P_L0302_1,L0302,2025-01-31,2025-01-28,2083.33,2083.33
P_L0302_2,L0302,2025-03-02,2025-05-31,2083.33,771.67
P_L0302_3,L0302,2025-04-01,2025-03-31,2083.33,2083.33
P_L0302_4,L0302,2025-05-01,2025-07-17,2083.33,2083.33
P_L0303_1,L0303,2025-01-31,2025-01-28,12500.0,12500.0
P_L0303_2,L0303,2025-03-02,2025-03-02,12500.0,12500.0
P_L0303_3,L0303,2025-04-01,2025-03-29,12500.0,12500.0
P_L0303_4,L0303,2025-05-01,2025-04-28,12500.0,12500.0
P_L0303_5,L0303,2025-05-31,2025-05-31,12500.0,12500.0
P_L0303_6,L0303,2025-06-30,2025-06-29,12500.0,12500.0
P_L0304_1,L0304,2025-01-31,2025-01-28,4166.67,4166.67
P_L0304_2,L0304,2025-03-02,2025-04-25,4166.67,4166.67
P_L0304_3,L0304,2025-04-01,2025-07-08,4166.67,2292.93
P_L0305_1,L0305,2025-01-31,2025-01-30,2083.33,2083.33
P_L0305_2,L0305,2025-03-02,2025-06-05,2083.33,797.65
P_L0305_3,L0305,2025-04-01,2025-05-15,2083.33,2083.33
P_L0306_1,L0306,2025-01-31,2025-01-29,833.33,833.33
P_L0306_2,L0306,2025-03-02,2025-02-28,833.33,833.33
P_L0306_3,L0306,2025-04-01,2025-03-29,833.33,833.33
P_L0306_4,L0306,2025-05-01,2025-04-28,833.33,833.33
P_L0306_5,L0306,2025-05-31,2025-05-29,833.33,833.33
P_L0306_6,L0306,2025-06-30,2025-06-30,833.33,833.33
P_L0307_1,L0307,2025-01-31,2025-01-31,12500.0,12500.0
P_L0307_2,L0307,2025-03-02,2025-03-01,12500.0,12500.0
P_L0307_3,L0307,2025-04-01,2025-03-29,12500.0,12500.0
P_L0307_4,L0307,2025-05-01,2025-04-27,12500.0,12500.0
P_L0307_5,L0307,2025-05-31,2025-05-30,12500.0,12500.0
P_L0307_6,L0307,2025-06-30,2025-06-28,12500.0,12500.0
P_L0308_1,L0308,2025-01-31,2025-01-30,8333.33,8333.33
P_L0308_2,L0308,2025-03-02,2025-03-10,8333.33,8333.33
P_L0308_3,L0308,2025-04-01,2025-07-04,8333.33,8333.33
P_L0309_1,L0309,2025-01-31,2025-01-28,12500.0,12500.0
P_L0309_2,L0309,2025-03-02,2025-02-26,12500.0,12500.0
P_L0309_3,L0309,2025-04-01,2025-04-01,12500.0,12500.0
P_L0309_4,L0309,2025-05-01,2025-04-28,12500.0,12500.0
P_L0309_5,L0309,2025-05-31,2025-05-28,12500.0,12500.0
P_L0310_1,L0310,2025-01-31,2025-01-27,8333.33,8333.33
P_L0310_2,L0310,2025-03-02,2025-02-27,8333.33,8333.33
P_L0310_3,L0310,2025-04-01,2025-03-30,8333.33,8333.33
P_L0310_4,L0310,2025-05-01,2025-04-29,8333.33,8333.33
P_L0311_1,L0311,2025-01-31,2025-01-28,12500.0,12500.0
P_L0311_2,L0311,2025-03-02,2025-03-01,12500.0,12500.0
P_L0311_3,L0311,2025-04-01,2025-03-30,12500.0,12500.0
P_L0312_1,L0312,2025-01-31,2025-01-31,12500.0,12500.0
P_L0312_2,L0312,2025-03-02,2025-03-02,12500.0,12500.0
P_L0312_3,L0312,2025-04-01,2025-03-29,12500.0,12500.0
P_L0312_4,L0312,2025-05-01,2025-04-29,12500.0,12500.0
P_L0313_1,L0313,2025-01-31,2025-01-29,12500.0,7637.75
P_L0313_2,L0313,2025-03-02,2025-02-26,12500.0,12500.0
P_L0313_3,L0313,2025-04-01,2025-06-08,12500.0,12500.0
P_L0313_4,L0313,2025-05-01,2025-04-30,12500.0,12500.0
P_L0313_5,L0313,2025-05-31,2025-06-10,12500.0,12500.0
P_L0314_1,L0314,2025-01-31,2025-04-06,8333.33,8333.33
P_L0314_2,L0314,2025-03-02,2025-06-08,8333.33,8333.33
P_L0314_3,L0314,2025-04-01,2025-04-01,8333.33,8333.33
P_L0315_1,L0315,2025-01-31,2025-01-29,8333.33,8333.33
P_L0315_2,L0315,2025-03-02,2025-02-26,8333.33,8333.33
P_L0315_3,L0315,2025-04-01,2025-03-31,8333.33,8333.33
P_L0316_1,L0316,2025-01-31,2025-01-28,12500.0,12500.0
P_L0316_2,L0316,2025-03-02,2025-03-01,12500.0,12500.0
P_L0316_3,L0316,2025-04-01,2025-03-28,12500.0,12500.0
P_L0316_4,L0316,2025-05-01,2025-04-30,12500.0,12500.0
P_L0316_5,L0316,2025-05-31,2025-05-30,12500.0,12500.0
P_L0317_1,L0317,2025-01-31,2025-01-31,2083.33,2083.33
P_L0317_2,L0317,2025-03-02,2025-02-27,2083.33,2083.33
P_L0317_3,L0317,2025-04-01,2025-03-30,2083.33,2083.33
P_L0317_4,L0317,2025-05-01,2025-04-29,2083.33,2083.33
P_L0317_5,L0317,2025-05-31,2025-05-29,2083.33,2083.33
P_L0317_6,L0317,2025-06-30,2025-06-28,2083.33,2083.33
P_L0318_1,L0318,2025-01-31,2025-03-08,4166.67,4166.67
P_L0318_2,L0318,2025-03-02,2025-03-01,4166.67,4166.67
P_L0318_3,L0318,2025-04-01,2025-04-01,4166.67,4166.67
P_L0318_4,L0318,2025-05-01,2025-05-24,4166.67,4166.67
P_L0318_5,L0318,2025-05-31,2025-07-23,4166.67,4166.67
P_L0318_6,L0318,2025-06-30,2025-08-29,4166.67,4166.67
P_L0319_1,L0319,2025-01-31,2025-01-27,4166.67,4166.67
P_L0319_2,L0319,2025-03-02,2025-02-28,4166.67,4166.67
P_L0319_3,L0319,2025-04-01,2025-03-29,4166.67,4166.67
P_L0320_1,L0320,2025-01-31,2025-01-29,4166.67,4166.67
P_L0320_2,L0320,2025-03-02,2025-03-02,4166.67,4166.67
P_L0320_3,L0320,2025-04-01,2025-03-31,4166.67,4166.67
P_L0320_4,L0320,2025-05-01,2025-04-27,4166.67,4166.67
P_L0320_5,L0320,2025-05-31,2025-05-29,4166.67,4166.67
P_L0320_6,L0320,2025-06-30,2025-06-30,4166.67,4166.67
P_L0321_1,L0321,2025-01-31,2025-01-28,8333.33,8333.33
P_L0321_2,L0321,2025-03-02,2025-02-26,8333.33,8333.33
P_L0321_3,L0321,2025-04-01,2025-04-01,8333.33,8333.33
P_L0321_4,L0321,2025-05-01,2025-04-30,8333.33,8333.33
P_L0322_1,L0322,2025-01-31,2025-03-06,8333.33,8333.33
P_L0322_2,L0322,2025-03-02,2025-03-02,8333.33,8333.33
P_L0322_3,L0322,2025-04-01,2025-03-31,8333.33,8333.33
P_L0322_4,L0322,2025-05-01,2025-05-01,8333.33,8333.33
P_L0323_1,L0323,2025-01-31,2025-01-31,2083.33,1208.43
P_L0323_2,L0323,2025-03-02,2025-03-02,2083.33,1637.93
P_L0323_3,L0323,2025-04-01,2025-06-06,2083.33,2083.33
P_L0323_4,L0323,2025-05-01,2025-04-29,2083.33,2083.33
P_L0323_5,L0323,2025-05-31,2025-07-09,2083.33,2083.33
P_L0323_6,L0323,2025-06-30,2025-08-03,2083.33,2083.33
P_L0324_1,L0324,2025-01-31,2025-01-28,4166.67,4166.67
P_L0324_2,L0324,2025-03-02,2025-02-28,4166.67,4166.67
P_L0324_3,L0324,2025-04-01,2025-04-01,4166.67,4166.67
P_L0325_1,L0325,2025-01-31,2025-01-27,4166.67,4166.67
P_L0325_2,L0325,2025-03-02,2025-03-02,4166.67,4166.67
P_L0325_3,L0325,2025-04-01,2025-03-31,4166.67,4166.67
P_L0325_4,L0325,2025-05-01,2025-04-28,4166.67,4166.67
P_L0325_5,L0325,2025-05-31,2025-05-29,4166.67,4166.67
P_L0325_6,L0325,2025-06-30,2025-06-28,4166.67,4166.67
P_L0326_1,L0326,2025-01-31,2025-01-31,12500.0,12500.0
P_L0326_2,L0326,2025-03-02,2025-02-26,12500.0,12500.0
P_L0326_3,L0326,2025-04-01,2025-06-28,12500.0,12500.0
P_L0326_4,L0326,2025-05-01,2025-04-29,12500.0,12500.0
P_L0326_5,L0326,2025-05-31,2025-05-31,12500.0,12500.0
P_L0326_6,L0326,2025-06-30,2025-06-28,12500.0,12500.0
P_L0327_1,L0327,2025-01-31,2025-02-27,8333.33,8333.33
P_L0327_2,L0327,2025-03-02,2025-05-05,8333.33,8333.33
P_L0327_3,L0327,2025-04-01,2025-03-30,8333.33,8333.33
P_L0328_1,L0328,2025-01-31,2025-01-28,4166.67,4166.67
P_L0328_2,L0328,2025-03-02,2025-03-01,4166.67,4166.67
P_L0328_3,L0328,2025-04-01,2025-03-30,4166.67,4166.67
P_L0329_1,L0329,2025-01-31,2025-01-29,2083.33,2083.33
P_L0329_2,L0329,2025-03-02,2025-02-28,2083.33,2083.33
P_L0329_3,L0329,2025-04-01,2025-03-29,2083.33,2083.33
P_L0330_1,L0330,2025-01-31,2025-01-31,2083.33,2083.33
P_L0330_2,L0330,2025-03-02,2025-02-26,2083.33,2083.33
P_L0330_3,L0330,2025-04-01,2025-03-30,2083.33,2083.33
P_L0330_4,L0330,2025-05-01,2025-05-01,2083.33,2083.33
P_L0330_5,L0330,2025-05-31,2025-05-28,2083.33,2083.33
P_L0330_6,L0330,2025-06-30,2025-06-28,2083.33,2083.33
P_L0331_1,L0331,2025-01-31,2025-05-16,4166.67,4166.67
P_L0331_2,L0331,2025-03-02,2025-05-07,4166.67,2044.67
P_L0331_3,L0331,2025-04-01,2025-03-29,4166.67,4166.67
P_L0332_1,L0332,2025-01-31,2025-04-28,8333.33,8333.33
P_L0332_2,L0332,2025-03-02,2025-02-26,8333.33,8333.33
P_L0332_3,L0332,2025-04-01,2025-04-30,8333.33,8333.33
P_L0332_4,L0332,2025-05-01,2025-04-30,8333.33,8333.33
P_L0332_5,L0332,2025-05-31,2025-05-30,8333.33,8333.33
P_L0333_1,L0333,2025-01-31,2025-01-31,2083.33,2083.33
P_L0333_2,L0333,2025-03-02,2025-03-01,2083.33,2083.33
P_L0333_3,L0333,2025-04-01,2025-04-01,2083.33,2083.33
P_L0333_4,L0333,2025-05-01,2025-04-30,2083.33,2083.33
P_L0334_1,L0334,2025-01-31,2025-01-29,12500.0,12500.0
P_L0334_2,L0334,2025-03-02,2025-02-28,12500.0,12500.0
P_L0334_3,L0334,2025-04-01,2025-03-31,12500.0,12500.0
P_L0334_4,L0334,2025-05-01,2025-04-30,12500.0,12500.0
P_L0334_5,L0334,2025-05-31,2025-05-30,12500.0,12500.0
P_L0334_6,L0334,2025-06-30,2025-06-29,12500.0,12500.0
P_L0335_1,L0335,2025-01-31,2025-01-29,2083.33,2083.33
P_L0335_2,L0335,2025-03-02,2025-06-12,2083.33,2083.33
P_L0335_3,L0335,2025-04-01,2025-05-12,2083.33,2083.33
P_L0335_4,L0335,2025-05-01,2025-08-17,2083.33,2083.33
P_L0335_5,L0335,2025-05-31,2025-05-29,2083.33,2083.33
P_L0336_1,L0336,2025-01-31,2025-01-27,833.33,833.33
P_L0336_2,L0336,2025-03-02,2025-05-08,833.33,833.33
P_L0336_3,L0336,2025-04-01,2025-03-30,833.33,833.33
P_L0336_4,L0336,2025-05-01,2025-05-01,833.33,833.33
P_L0336_5,L0336,2025-05-31,2025-05-31,833.33,833.33
P_L0337_1,L0337,2025-01-31,2025-02-02,833.33,833.33
P_L0337_2,L0337,2025-03-02,2025-03-01,833.33,833.33
P_L0337_3,L0337,2025-04-01,2025-03-30,833.33,833.33
P_L0337_4,L0337,2025-05-01,2025-04-29,833.33,833.33
P_L0337_5,L0337,2025-05-31,2025-05-31,833.33,511.45
P_L0338_1,L0338,2025-01-31,2025-01-31,8333.33,8333.33
P_L0338_2,L0338,2025-03-02,2025-02-28,8333.33,8333.33
P_L0338_3,L0338,2025-04-01,2025-03-29,8333.33,8333.33
P_L0339_1,L0339,2025-01-31,2025-01-30,4166.67,4166.67
P_L0339_2,L0339,2025-03-02,2025-03-02,4166.67,4166.67
P_L0339_3,L0339,2025-04-01,2025-03-30,4166.67,4166.67
P_L0340_1,L0340,2025-01-31,2025-01-28,8333.33,8333.33
P_L0340_2,L0340,2025-03-02,2025-03-02,8333.33,8333.33
P_L0340_3,L0340,2025-04-01,2025-03-29,8333.33,8333.33
P_L0340_4,L0340,2025-05-01,2025-05-01,8333.33,8333.33
P_L0341_1,L0341,2025-01-31,2025-05-03,8333.33,8333.33
P_L0341_2,L0341,2025-03-02,2025-03-02,8333.33,8333.33
P_L0341_3,L0341,2025-04-01,2025-03-31,8333.33,8333.33
P_L0341_4,L0341,2025-05-01,2025-05-01,8333.33,8333.33
P_L0341_5,L0341,2025-05-31,2025-05-28,8333.33,8333.33
P_L0342_1,L0342,2025-01-31,2025-05-08,8333.33,8333.33
P_L0342_2,L0342,2025-03-02,2025-02-26,8333.33,8333.33
P_L0342_3,L0342,2025-04-01,2025-03-31,8333.33,8333.33
P_L0342_4,L0342,2025-05-01,2025-04-27,8333.33,8333.33
P_L0342_5,L0342,2025-05-31,2025-05-30,8333.33,8333.33
P_L0343_1,L0343,2025-01-31,2025-01-30,8333.33,8333.33
P_L0343_2,L0343,2025-03-02,2025-05-23,8333.33,8333.33
P_L0343_3,L0343,2025-04-01,2025-03-30,8333.33,5778.2
P_L0344_1,L0344,2025-01-31,2025-01-31,12500.0,12500.0
P_L0344_2,L0344,2025-03-02,2025-06-01,12500.0,12500.0
P_L0344_3,L0344,2025-04-01,2025-03-30,12500.0,12500.0
P_L0344_4,L0344,2025-05-01,2025-05-01,12500.0,12500.0
P_L0344_5,L0344,2025-05-31,2025-05-29,12500.0,12500.0
P_L0345_1,L0345,2025-01-31,2025-01-28,12500.0,12500.0
P_L0345_2,L0345,2025-03-02,2025-02-26,12500.0,12500.0
P_L0345_3,L0345,2025-04-01,2025-03-30,12500.0,12500.0
P_L0346_1,L0346,2025-01-31,2025-01-30,2083.33,2083.33
P_L0346_2,L0346,2025-03-02,2025-05-01,2083.33,2083.33
P_L0346_3,L0346,2025-04-01,2025-03-29,2083.33,2083.33
P_L0347_1,L0347,2025-01-31,2025-01-27,833.33,833.33
P_L0347_2,L0347,2025-03-02,2025-03-01,833.33,833.33
P_L0347_3,L0347,2025-04-01,2025-03-30,833.33,833.33
P_L0347_4,L0347,2025-05-01,2025-04-27,833.33,833.33
P_L0348_1,L0348,2025-01-31,2025-01-27,8333.33,8333.33
P_L0348_2,L0348,2025-03-02,2025-02-27,8333.33,8333.33
P_L0348_3,L0348,2025-04-01,2025-04-01,8333.33,8333.33
P_L0348_4,L0348,2025-05-01,2025-04-30,8333.33,8333.33
P_L0348_5,L0348,2025-05-31,2025-05-27,8333.33,8333.33
P_L0348_6,L0348,2025-06-30,2025-06-26,8333.33,8333.33
P_L0349_1,L0349,2025-01-31,2025-01-27,2083.33,2083.33
P_L0349_2,L0349,2025-03-02,2025-02-28,2083.33,2083.33
P_L0349_3,L0349,2025-04-01,2025-03-29,2083.33,2083.33
P_L0350_1,L0350,2025-01-31,2025-04-10,833.33,635.23
P_L0350_2,L0350,2025-03-02,2025-06-16,833.33,833.33
P_L0350_3,L0350,2025-04-01,2025-06-03,833.33,613.6
P_L0350_4,L0350,2025-05-01,2025-04-27,833.33,833.33
P_L0350_5,L0350,2025-05-31,2025-09-14,833.33,346.58
P_L0351_1,L0351,2025-01-31,2025-01-31,4166.67,4166.67
P_L0351_2,L0351,2025-03-02,2025-02-26,4166.67,4166.67
P_L0351_3,L0351,2025-04-01,2025-04-01,4166.67,4166.67
P_L0352_1,L0352,2025-01-31,2025-01-31,12500.0,12500.0
P_L0352_2,L0352,2025-03-02,2025-02-28,12500.0,12500.0
P_L0352_3,L0352,2025-04-01,2025-04-01,12500.0,12500.0
P_L0352_4,L0352,2025-05-01,2025-06-07,12500.0,12500.0
P_L0353_1,L0353,2025-01-31,2025-03-18,833.33,833.33
P_L0353_2,L0353,2025-03-02,2025-04-16,833.33,250.83
P_L0353_3,L0353,2025-04-01,2025-03-29,833.33,833.33
P_L0353_4,L0353,2025-05-01,2025-06-03,833.33,833.33
P_L0353_5,L0353,2025-05-31,2025-07-02,833.33,833.33
P_L0354_1,L0354,2025-01-31,2025-01-28,4166.67,4166.67
P_L0354_2,L0354,2025-03-02,2025-03-01,4166.67,4166.67
P_L0354_3,L0354,2025-04-01,2025-03-29,4166.67,4166.67
P_L0354_4,L0354,2025-05-01,2025-04-29,4166.67,4166.67
P_L0355_1,L0355,2025-01-31,2025-01-28,833.33,833.33
P_L0355_2,L0355,2025-03-02,2025-02-28,833.33,833.33
P_L0355_3,L0355,2025-04-01,2025-04-01,833.33,833.33
P_L0355_4,L0355,2025-05-01,2025-04-29,833.33,833.33
P_L0356_1,L0356,2025-01-31,2025-01-30,12500.0,12500.0
P_L0356_2,L0356,2025-03-02,2025-03-01,12500.0,12500.0
P_L0356_3,L0356,2025-04-01,2025-03-28,12500.0,12500.0
P_L0356_4,L0356,2025-05-01,2025-04-30,12500.0,12500.0
P_L0356_5,L0356,2025-05-31,2025-08-16,12500.0,12500.0
P_L0357_1,L0357,2025-01-31,2025-01-27,12500.0,12500.0
P_L0357_2,L0357,2025-03-02,2025-03-01,12500.0,12500.0
P_L0357_3,L0357,2025-04-01,2025-03-28,12500.0,12500.0
P_L0357_4,L0357,2025-05-01,2025-05-01,12500.0,12500.0
P_L0357_5,L0357,2025-05-31,2025-05-30,12500.0,12500.0
P_L0357_6,L0357,2025-06-30,2025-06-26,12500.0,12500.0
P_L0358_1,L0358,2025-01-31,2025-02-17,2083.33,2083.33
P_L0358_2,L0358,2025-03-02,2025-02-28,2083.33,2083.33
P_L0358_3,L0358,2025-04-01,2025-03-28,2083.33,2083.33
P_L0359_1,L0359,2025-01-31,2025-01-30,8333.33,8333.33
P_L0359_2,L0359,2025-03-02,2025-03-02,8333.33,8333.33
P_L0359_3,L0359,2025-04-01,2025-04-01,8333.33,8333.33
P_L0360_1,L0360,2025-01-31,2025-01-27,833.33,833.33
P_L0360_2,L0360,2025-03-02,2025-03-02,833.33,833.33
P_L0360_3,L0360,2025-04-01,2025-03-30,833.33,833.33
P_L0360_4,L0360,2025-05-01,2025-04-27,833.33,833.33
P_L0360_5,L0360,2025-05-31,2025-05-30,833.33,833.33
P_L0360_6,L0360,2025-06-30,2025-06-28,833.33,833.33
P_L0361_1,L0361,2025-01-31,2025-03-02,833.33,833.33
P_L0361_2,L0361,2025-03-02,2025-03-01,833.33,833.33
P_L0361_3,L0361,2025-04-01,2025-03-31,833.33,833.33
P_L0361_4,L0361,2025-05-01,2025-05-23,833.33,833.33
P_L0361_5,L0361,2025-05-31,2025-05-31,833.33,833.33
P_L0362_1,L0362,2025-01-31,2025-01-28,4166.67,4166.67
P_L0362_2,L0362,2025-03-02,2025-03-02,4166.67,4166.67
P_L0362_3,L0362,2025-04-01,2025-06-06,4166.67,4166.67
P_L0362_4,L0362,2025-05-01,2025-04-28,4166.67,4166.67
P_L0362_5,L0362,2025-05-31,2025-05-29,4166.67,4166.67
P_L0362_6,L0362,2025-06-30,2025-09-05,4166.67,4166.67
P_L0363_1,L0363,2025-01-31,2025-04-19,12500.0,12500.0
P_L0363_2,L0363,2025-03-02,2025-02-28,12500.0,12500.0
P_L0363_3,L0363,2025-04-01,2025-03-29,12500.0,12500.0
P_L0363_4,L0363,2025-05-01,2025-04-28,12500.0,12500.0
P_L0363_5,L0363,2025-05-31,2025-09-03,12500.0,12500.0
P_L0364_1,L0364,2025-01-31,2025-01-29,833.33,833.33
P_L0364_2,L0364,2025-03-02,2025-03-02,833.33,833.33
P_L0364_3,L0364,2025-04-01,2025-03-29,833.33,833.33
P_L0364_4,L0364,2025-05-01,2025-05-01,833.33,833.33
P_L0364_5,L0364,2025-05-31,2025-05-31,833.33,833.33
P_L0365_1,L0365,2025-01-31,2025-01-27,12500.0,12500.0
P_L0365_2,L0365,2025-03-02,2025-03-01,12500.0,12500.0
P_L0365_3,L0365,2025-04-01,2025-03-30,12500.0,12500.0
P_L0365_4,L0365,2025-05-01,2025-04-28,12500.0,12500.0
P_L0366_1,L0366,2025-01-31,2025-01-28,833.33,833.33
P_L0366_2,L0366,2025-03-02,2025-02-27,833.33,833.33
P_L0366_3,L0366,2025-04-01,2025-03-31,833.33,833.33
P_L0367_1,L0367,2025-01-31,2025-05-06,2083.33,2083.33
P_L0367_2,L0367,2025-03-02,2025-02-27,2083.33,2083.33
P_L0367_3,L0367,2025-04-01,2025-03-31,2083.33,2083.33
P_L0368_1,L0368,2025-01-31,2025-01-29,8333.33,8333.33
P_L0368_2,L0368,2025-03-02,2025-06-19,8333.33,8333.33
P_L0368_3,L0368,2025-04-01,2025-07-04,8333.33,8333.33
P_L0369_1,L0369,2025-01-31,2025-01-28,833.33,833.33
P_L0369_2,L0369,2025-03-02,2025-03-02,833.33,833.33
P_L0369_3,L0369,2025-04-01,2025-03-31,833.33,833.33
P_L0369_4,L0369,2025-05-01,2025-04-30,833.33,833.33
P_L0370_1,L0370,2025-01-31,2025-01-31,12500.0,8077.24
P_L0370_2,L0370,2025-03-02,2025-04-09,12500.0,12500.0
P_L0370_3,L0370,2025-04-01,2025-07-04,12500.0,4943.29
P_L0370_4,L0370,2025-05-01,2025-04-27,12500.0,12500.0
P_L0370_5,L0370,2025-05-31,2025-05-30,12500.0,12500.0
P_L0371_1,L0371,2025-01-31,2025-01-28,2083.33,2083.33
P_L0371_2,L0371,2025-03-02,2025-02-27,2083.33,2083.33
P_L0371_3,L0371,2025-04-01,2025-03-29,2083.33,2083.33
P_L0371_4,L0371,2025-05-01,2025-04-27,2083.33,2083.33
P_L0371_5,L0371,2025-05-31,2025-05-27,2083.33,2083.33
P_L0372_1,L0372,2025-01-31,2025-01-27,833.33,833.33
P_L0372_2,L0372,2025-03-02,2025-03-01,833.33,833.33
P_L0372_3,L0372,2025-04-01,2025-04-01,833.33,833.33
P_L0373_1,L0373,2025-01-31,2025-01-27,4166.67,4166.67
P_L0373_2,L0373,2025-03-02,2025-02-26,4166.67,4166.67
P_L0373_3,L0373,2025-04-01,2025-03-31,4166.67,4166.67
P_L0373_4,L0373,2025-05-01,2025-05-01,4166.67,4166.67
P_L0373_5,L0373,2025-05-31,2025-05-29,4166.67,4166.67
P_L0373_6,L0373,2025-06-30,2025-06-28,4166.67,4166.67
P_L0374_1,L0374,2025-01-31,2025-01-27,8333.33,8333.33
P_L0374_2,L0374,2025-03-02,2025-02-28,8333.33,8333.33
P_L0374_3,L0374,2025-04-01,2025-04-14,8333.33,2593.44
P_L0375_1,L0375,2025-01-31,2025-01-29,833.33,833.33
P_L0375_2,L0375,2025-03-02,2025-04-19,833.33,833.33
P_L0375_3,L0375,2025-04-01,2025-03-31,833.33,833.33
P_L0375_4,L0375,2025-05-01,2025-04-28,833.33,833.33
P_L0375_5,L0375,2025-05-31,2025-08-18,833.33,833.33
P_L0376_1,L0376,2025-01-31,2025-01-29,2083.33,2083.33
P_L0376_2,L0376,2025-03-02,2025-02-26,2083.33,2083.33
P_L0376_3,L0376,2025-04-01,2025-03-31,2083.33,2083.33
P_L0376_4,L0376,2025-05-01,2025-04-28,2083.33,2083.33
P_L0376_5,L0376,2025-05-31,2025-05-29,2083.33,2083.33
P_L0376_6,L0376,2025-06-30,2025-06-29,2083.33,2083.33
P_L0377_1,L0377,2025-01-31,2025-02-20,4166.67,4166.67
P_L0377_2,L0377,2025-03-02,2025-02-28,4166.67,4166.67
P_L0377_3,L0377,2025-04-01,2025-06-09,4166.67,4166.67
P_L0378_1,L0378,2025-01-31,2025-01-28,2083.33,2083.33
P_L0378_2,L0378,2025-03-02,2025-03-02,2083.33,2083.33
P_L0378_3,L0378,2025-04-01,2025-04-01,2083.33,2083.33
P_L0379_1,L0379,2025-01-31,2025-01-29,2083.33,2083.33
P_L0379_2,L0379,2025-03-02,2025-02-28,2083.33,2083.33
P_L0379_3,L0379,2025-04-01,2025-03-31,2083.33,2083.33
P_L0379_4,L0379,2025-05-01,2025-04-29,2083.33,2083.33
P_L0380_1,L0380,2025-01-31,2025-01-31,4166.67,4166.67
P_L0380_2,L0380,2025-03-02,2025-03-02,4166.67,4166.67
P_L0380_3,L0380,2025-04-01,2025-03-31,4166.67,4166.67
P_L0381_1,L0381,2025-01-31,2025-01-28,2083.33,2083.33
P_L0381_2,L0381,2025-03-02,2025-02-27,2083.33,2083.33
P_L0381_3,L0381,2025-04-01,2025-05-18,2083.33,2083.33
P_L0381_4,L0381,2025-05-01,2025-04-30,2083.33,2083.33
P_L0382_1,L0382,2025-01-31,2025-01-31,4166.67,4166.67
P_L0382_2,L0382,2025-03-02,2025-02-28,4166.67,4166.67
P_L0382_3,L0382,2025-04-01,2025-03-29,4166.67,4166.67
P_L0382_4,L0382,2025-05-01,2025-04-29,4166.67,4166.67
P_L0382_5,L0382,2025-05-31,2025-05-30,4166.67,4166.67
P_L0382_6,L0382,2025-06-30,2025-06-26,4166.67,4166.67
P_L0383_1,L0383,2025-01-31,2025-01-30,833.33,833.33
P_L0383_2,L0383,2025-03-02,2025-03-01,833.33,833.33
P_L0383_3,L0383,2025-04-01,2025-03-29,833.33,833.33
P_L0383_4,L0383,2025-05-01,2025-04-28,833.33,833.33
P_L0384_1,L0384,2025-01-31,2025-01-30,4166.67,4166.67
P_L0384_2,L0384,2025-03-02,2025-02-27,4166.67,4166.67
P_L0384_3,L0384,2025-04-01,2025-03-30,4166.67,4166.67
P_L0384_4,L0384,2025-05-01,2025-04-27,4166.67,4166.67
P_L0384_5,L0384,2025-05-31,2025-05-29,4166.67,4166.67
P_L0384_6,L0384,2025-06-30,2025-06-30,4166.67,4166.67
P_L0385_1,L0385,2025-01-31,2025-03-09,4166.67,4166.67
P_L0385_2,L0385,2025-03-02,2025-03-02,4166.67,4166.67
P_L0385_3,L0385,2025-04-01,2025-03-29,4166.67,4166.67
P_L0385_4,L0385,2025-05-01,2025-05-13,4166.67,4166.67
P_L0385_5,L0385,2025-05-31,2025-05-27,4166.67,2053.33
P_L0386_1,L0386,2025-01-31,2025-01-30,8333.33,8333.33
P_L0386_2,L0386,2025-03-02,2025-02-27,8333.33,8333.33
P_L0386_3,L0386,2025-04-01,2025-06-28,8333.33,8333.33
P_L0386_4,L0386,2025-05-01,2025-06-22,8333.33,8333.33
P_L0387_1,L0387,2025-01-31,2025-01-29,4166.67,4166.67
P_L0387_2,L0387,2025-03-02,2025-03-02,4166.67,4166.67
P_L0387_3,L0387,2025-04-01,2025-03-29,4166.67,4166.67
P_L0387_4,L0387,2025-05-01,2025-04-29,4166.67,4166.67
P_L0387_5,L0387,2025-05-31,2025-05-27,4166.67,4166.67
P_L0388_1,L0388,2025-01-31,2025-02-10,4166.67,4166.67
P_L0388_2,L0388,2025-03-02,2025-03-02,4166.67,4166.67
P_L0388_3,L0388,2025-04-01,2025-03-28,4166.67,4166.67
P_L0388_4,L0388,2025-05-01,2025-04-27,4166.67,4166.67
P_L0389_1,L0389,2025-01-31,2025-01-30,833.33,833.33
P_L0389_2,L0389,2025-03-02,2025-03-01,833.33,833.33
P_L0389_3,L0389,2025-04-01,2025-03-30,833.33,833.33
P_L0389_4,L0389,2025-05-01,2025-04-27,833.33,833.33
P_L0390_1,L0390,2025-01-31,2025-01-29,8333.33,8333.33
P_L0390_2,L0390,2025-03-02,2025-05-01,8333.33,8333.33
P_L0390_3,L0390,2025-04-01,2025-04-01,8333.33,8333.33
P_L0390_4,L0390,2025-05-01,2025-04-30,8333.33,8333.33
P_L0390_5,L0390,2025-05-31,2025-05-30,8333.33,8333.33
P_L0390_6,L0390,2025-06-30,2025-06-29,8333.33,8333.33
P_L0391_1,L0391,2025-01-31,2025-01-31,12500.0,12500.0
P_L0391_2,L0391,2025-03-02,2025-02-28,12500.0,12500.0
P_L0391_3,L0391,2025-04-01,2025-04-01,12500.0,12500.0
P_L0392_1,L0392,2025-01-31,2025-01-27,833.33,833.33
P_L0392_2,L0392,2025-03-02,2025-03-02,833.33,833.33
P_L0392_3,L0392,2025-04-01,2025-03-31,833.33,833.33
P_L0392_4,L0392,2025-05-01,2025-04-30,833.33,833.33
P_L0392_5,L0392,2025-05-31,2025-05-31,833.33,833.33
P_L0393_1,L0393,2025-01-31,2025-01-29,833.33,833.33
P_L0393_2,L0393,2025-03-02,2025-03-02,833.33,833.33
P_L0393_3,L0393,2025-04-01,2025-03-31,833.33,833.33
P_L0393_4,L0393,2025-05-01,2025-04-28,833.33,833.33
P_L0393_5,L0393,2025-05-31,2025-05-27,833.33,833.33
P_L0394_1,L0394,2025-01-31,2025-01-27,12500.0,12500.0
P_L0394_2,L0394,2025-03-02,2025-02-26,12500.0,12500.0
P_L0394_3,L0394,2025-04-01,2025-03-31,12500.0,12500.0
P_L0395_1,L0395,2025-01-31,2025-01-28,4166.67,4166.67
P_L0395_2,L0395,2025-03-02,2025-03-02,4166.67,4166.67
P_L0395_3,L0395,2025-04-01,2025-03-30,4166.67,4166.67
P_L0395_4,L0395,2025-05-01,2025-04-28,4166.67,4166.67
P_L0396_1,L0396,2025-01-31,2025-01-28,2083.33,2083.33
P_L0396_2,L0396,2025-03-02,2025-03-01,2083.33,2083.33
P_L0396_3,L0396,2025-04-01,2025-03-28,2083.33,2083.33
P_L0397_1,L0397,2025-01-31,2025-01-31,8333.33,8333.33
P_L0397_2,L0397,2025-03-02,2025-02-28,8333.33,8333.33
P_L0397_3,L0397,2025-04-01,2025-03-30,8333.33,8333.33
P_L0397_4,L0397,2025-05-01,2025-04-29,8333.33,8333.33
P_L0398_1,L0398,2025-01-31,2025-01-27,2083.33,2083.33
P_L0398_2,L0398,2025-03-02,2025-03-02,2083.33,2083.33
P_L0398_3,L0398,2025-04-01,2025-05-02,2083.33,2083.33
P_L0398_4,L0398,2025-05-01,2025-04-30,2083.33,2083.33
P_L0398_5,L0398,2025-05-31,2025-05-28,2083.33,2083.33
P_L0399_1,L0399,2025-01-31,2025-01-30,12500.0,12500.0
P_L0399_2,L0399,2025-03-02,2025-02-27,12500.0,12500.0
P_L0399_3,L0399,2025-04-01,2025-04-01,12500.0,12500.0
P_L0400_1,L0400,2025-01-31,2025-01-31,833.33,833.33
P_L0400_2,L0400,2025-03-02,2025-03-02,833.33,833.33
P_L0400_3,L0400,2025-04-01,2025-03-31,833.33,833.33
P_L0400_4,L0400,2025-05-01,2025-04-29,833.33,833.33
P_L0401_1,L0401,2025-01-31,2025-01-27,833.33,833.33
P_L0401_2,L0401,2025-03-02,2025-05-30,833.33,833.33
P_L0401_3,L0401,2025-04-01,2025-03-31,833.33,833.33
P_L0401_4,L0401,2025-05-01,2025-04-27,833.33,833.33
P_L0402_1,L0402,2025-01-31,2025-01-30,8333.33,8333.33
P_L0402_2,L0402,2025-03-02,2025-02-26,8333.33,8333.33
P_L0402_3,L0402,2025-04-01,2025-04-01,8333.33,8333.33
P_L0403_1,L0403,2025-01-31,2025-01-31,833.33,833.33
P_L0403_2,L0403,2025-03-02,2025-02-27,833.33,833.33
P_L0403_3,L0403,2025-04-01,2025-03-29,833.33,833.33
P_L0403_4,L0403,2025-05-01,2025-05-01,833.33,833.33
P_L0403_5,L0403,2025-05-31,2025-05-31,833.33,833.33
P_L0403_6,L0403,2025-06-30,2025-06-28,833.33,833.33
P_L0404_1,L0404,2025-01-31,2025-03-04,833.33,833.33
P_L0404_2,L0404,2025-03-02,2025-06-07,833.33,833.33
P_L0404_3,L0404,2025-04-01,2025-04-01,833.33,833.33
P_L0404_4,L0404,2025-05-01,2025-04-29,833.33,833.33
P_L0405_1,L0405,2025-01-31,2025-01-29,8333.33,8333.33
P_L0405_2,L0405,2025-03-02,2025-02-28,8333.33,8333.33
P_L0405_3,L0405,2025-04-01,2025-03-30,8333.33,8333.33
P_L0405_4,L0405,2025-05-01,2025-05-01,8333.33,8333.33
P_L0406_1,L0406,2025-01-31,2025-01-27,8333.33,8333.33
P_L0406_2,L0406,2025-03-02,2025-03-01,8333.33,8333.33
P_L0406_3,L0406,2025-04-01,2025-03-28,8333.33,8333.33
P_L0406_4,L0406,2025-05-01,2025-05-01,8333.33,8333.33
P_L0406_5,L0406,2025-05-31,2025-05-29,8333.33,8333.33
P_L0406_6,L0406,2025-06-30,2025-06-30,8333.33,8333.33
P_L0407_1,L0407,2025-01-31,2025-01-29,12500.0,12500.0
P_L0407_2,L0407,2025-03-02,2025-02-28,12500.0,12500.0
P_L0407_3,L0407,2025-04-01,2025-03-30,12500.0,12500.0
P_L0408_1,L0408,2025-01-31,2025-01-30,833.33,833.33
P_L0408_2,L0408,2025-03-02,2025-02-26,833.33,833.33
P_L0408_3,L0408,2025-04-01,2025-03-29,833.33,833.33
P_L0408_4,L0408,2025-05-01,2025-05-01,833.33,833.33
P_L0408_5,L0408,2025-05-31,2025-05-30,833.33,833.33
P_L0408_6,L0408,2025-06-30,2025-06-29,833.33,833.33
P_L0409_1,L0409,2025-01-31,2025-01-28,833.33,833.33
P_L0409_2,L0409,2025-03-02,2025-03-01,833.33,309.27
P_L0409_3,L0409,2025-04-01,2025-04-29,833.33,393.08
P_L0409_4,L0409,2025-05-01,2025-04-28,833.33,405.21
P_L0409_5,L0409,2025-05-31,2025-05-28,833.33,349.99
P_L0409_6,L0409,2025-06-30,2025-06-26,833.33,833.33
P_L0410_1,L0410,2025-01-31,2025-02-24,12500.0,12500.0
P_L0410_2,L0410,2025-03-02,2025-03-01,12500.0,12500.0
P_L0410_3,L0410,2025-04-01,2025-03-29,12500.0,12500.0
P_L0410_4,L0410,2025-05-01,2025-04-30,12500.0,12500.0
P_L0411_1,L0411,2025-01-31,2025-01-27,4166.67,3211.53
P_L0411_2,L0411,2025-03-02,2025-02-28,4166.67,2632.34
P_L0411_3,L0411,2025-04-01,2025-05-05,4166.67,4166.67
P_L0411_4,L0411,2025-05-01,2025-05-13,4166.67,4166.67
P_L0411_5,L0411,2025-05-31,2025-07-25,4166.67,2166.79
P_L0412_1,L0412,2025-01-31,2025-01-30,4166.67,4166.67
P_L0412_2,L0412,2025-03-02,2025-02-27,4166.67,4166.67
P_L0412_3,L0412,2025-04-01,2025-03-28,4166.67,4166.67
P_L0412_4,L0412,2025-05-01,2025-05-01,4166.67,4166.67
P_L0413_1,L0413,2025-01-31,2025-01-30,4166.67,4166.67
P_L0413_2,L0413,2025-03-02,2025-02-27,4166.67,4166.67
P_L0413_3,L0413,2025-04-01,2025-04-01,4166.67,4166.67
P_L0413_4,L0413,2025-05-01,2025-05-01,4166.67,4166.67
P_L0413_5,L0413,2025-05-31,2025-05-31,4166.67,4166.67
P_L0413_6,L0413,2025-06-30,2025-10-16,4166.67,4166.67
P_L0414_1,L0414,2025-01-31,2025-05-02,12500.0,12500.0
P_L0414_2,L0414,2025-03-02,2025-02-27,12500.0,12500.0
P_L0414_3,L0414,2025-04-01,2025-03-30,12500.0,12500.0
P_L0414_4,L0414,2025-05-01,2025-04-30,12500.0,12500.0
P_L0414_5,L0414,2025-05-31,2025-05-31,12500.0,12500.0
P_L0415_1,L0415,2025-01-31,2025-01-27,833.33,833.33
P_L0415_2,L0415,2025-03-02,2025-03-01,833.33,833.33
P_L0415_3,L0415,2025-04-01,2025-03-28,833.33,833.33
P_L0415_4,L0415,2025-05-01,2025-08-18,833.33,833.33
P_L0415_5,L0415,2025-05-31,2025-05-27,833.33,833.33
P_L0415_6,L0415,2025-06-30,2025-07-02,833.33,833.33
P_L0416_1,L0416,2025-01-31,2025-01-29,12500.0,12500.0
P_L0416_2,L0416,2025-03-02,2025-02-27,12500.0,12500.0
P_L0416_3,L0416,2025-04-01,2025-03-31,12500.0,12500.0
P_L0417_1,L0417,2025-01-31,2025-04-04,12500.0,12500.0
P_L0417_2,L0417,2025-03-02,2025-06-02,12500.0,12500.0
P_L0417_3,L0417,2025-04-01,2025-07-05,12500.0,12500.0
P_L0418_1,L0418,2025-01-31,2025-01-28,4166.67,4166.67
P_L0418_2,L0418,2025-03-02,2025-03-03,4166.67,4166.67
P_L0418_3,L0418,2025-04-01,2025-03-28,4166.67,4166.67
P_L0418_4,L0418,2025-05-01,2025-05-01,4166.67,4166.67
P_L0418_5,L0418,2025-05-31,2025-05-30,4166.67,4166.67
P_L0418_6,L0418,2025-06-30,2025-06-26,4166.67,4166.67
P_L0419_1,L0419,2025-01-31,2025-01-29,2083.33,2083.33
P_L0419_2,L0419,2025-03-02,2025-03-02,2083.33,2083.33
P_L0419_3,L0419,2025-04-01,2025-03-31,2083.33,2083.33
P_L0419_4,L0419,2025-05-01,2025-05-01,2083.33,2083.33
P_L0419_5,L0419,2025-05-31,2025-05-27,2083.33,2083.33
P_L0420_1,L0420,2025-01-31,2025-01-27,833.33,833.33
P_L0420_2,L0420,2025-03-02,2025-02-26,833.33,833.33
P_L0420_3,L0420,2025-04-01,2025-04-01,833.33,833.33
P_L0420_4,L0420,2025-05-01,2025-04-29,833.33,833.33
P_L0421_1,L0421,2025-01-31,2025-04-27,4166.67,4166.67
P_L0421_2,L0421,2025-03-02,2025-03-25,4166.67,4166.67
P_L0421_3,L0421,2025-04-01,2025-03-31,4166.67,4166.67
P_L0421_4,L0421,2025-05-01,2025-04-30,4166.67,4166.67
P_L0421_5,L0421,2025-05-31,2025-05-29,4166.67,4166.67
P_L0421_6,L0421,2025-06-30,2025-06-29,4166.67,4166.67
P_L0422_1,L0422,2025-01-31,2025-01-27,2083.33,2083.33
P_L0422_2,L0422,2025-03-02,2025-02-27,2083.33,2083.33
P_L0422_3,L0422,2025-04-01,2025-04-20,2083.33,2083.33
P_L0422_4,L0422,2025-05-01,2025-04-28,2083.33,2083.33
P_L0422_5,L0422,2025-05-31,2025-05-29,2083.33,2083.33
P_L0422_6,L0422,2025-06-30,2025-06-27,2083.33,2083.33
P_L0423_1,L0423,2025-01-31,2025-01-28,2083.33,2083.33
P_L0423_2,L0423,2025-03-02,2025-02-26,2083.33,2083.33
P_L0423_3,L0423,2025-04-01,2025-03-30,2083.33,2083.33
P_L0423_4,L0423,2025-05-01,2025-04-29,2083.33,2083.33
P_L0423_5,L0423,2025-05-31,2025-05-27,2083.33,2083.33
P_L0424_1,L0424,2025-01-31,2025-01-27,8333.33,8333.33
P_L0424_2,L0424,2025-03-02,2025-02-27,8333.33,8333.33
P_L0424_3,L0424,2025-04-01,2025-03-29,8333.33,8333.33
P_L0424_4,L0424,2025-05-01,2025-04-28,8333.33,8333.33
P_L0425_1,L0425,2025-01-31,2025-05-07,833.33,833.33
P_L0425_2,L0425,2025-03-02,2025-02-28,833.33,833.33
P_L0425_3,L0425,2025-04-01,2025-04-25,833.33,833.33
P_L0426_1,L0426,2025-01-31,2025-01-31,2083.33,2083.33
P_L0426_2,L0426,2025-03-02,2025-03-01,2083.33,2083.33
P_L0426_3,L0426,2025-04-01,2025-03-29,2083.33,2083.33
P_L0426_4,L0426,2025-05-01,2025-04-30,2083.33,2083.33
P_L0426_5,L0426,2025-05-31,2025-05-29,2083.33,2083.33
P_L0427_1,L0427,2025-01-31,2025-01-30,4166.67,2877.01
P_L0427_2,L0427,2025-03-02,2025-06-08,4166.67,4166.67
P_L0427_3,L0427,2025-04-01,2025-06-09,4166.67,3214.95
P_L0427_4,L0427,2025-05-01,2025-08-17,4166.67,4166.67
P_L0428_1,L0428,2025-01-31,2025-01-30,8333.33,8333.33
P_L0428_2,L0428,2025-03-02,2025-03-01,8333.33,8333.33
P_L0428_3,L0428,2025-04-01,2025-03-28,8333.33,8333.33
P_L0428_4,L0428,2025-05-01,2025-04-29,8333.33,8333.33
P_L0428_5,L0428,2025-05-31,2025-05-30,8333.33,8333.33
P_L0429_1,L0429,2025-01-31,2025-01-28,833.33,833.33
P_L0429_2,L0429,2025-03-02,2025-03-02,833.33,833.33
P_L0429_3,L0429,2025-04-01,2025-03-28,833.33,833.33
P_L0429_4,L0429,2025-05-01,2025-04-29,833.33,833.33
P_L0429_5,L0429,2025-05-31,2025-05-28,833.33,833.33
P_L0430_1,L0430,2025-01-31,2025-01-29,12500.0,12500.0
P_L0430_2,L0430,2025-03-02,2025-03-01,12500.0,12500.0
P_L0430_3,L0430,2025-04-01,2025-05-31,12500.0,12500.0
P_L0430_4,L0430,2025-05-01,2025-05-01,12500.0,12500.0
P_L0431_1,L0431,2025-01-31,2025-05-16,4166.67,1386.86
P_L0431_2,L0431,2025-03-02,2025-02-26,4166.67,4166.67
P_L0431_3,L0431,2025-04-01,2025-05-01,4166.67,4166.67
P_L0431_4,L0431,2025-05-01,2025-05-26,4166.67,4166.67
P_L0432_1,L0432,2025-01-31,2025-03-30,2083.33,2083.33
P_L0432_2,L0432,2025-03-02,2025-03-02,2083.33,2083.33
P_L0432_3,L0432,2025-04-01,2025-07-09,2083.33,2083.33
P_L0432_4,L0432,2025-05-01,2025-04-30,2083.33,2083.33
P_L0433_1,L0433,2025-01-31,2025-02-11,2083.33,2083.33
P_L0433_2,L0433,2025-03-02,2025-03-02,2083.33,1529.59
P_L0433_3,L0433,2025-04-01,2025-03-31,2083.33,2083.33
P_L0433_4,L0433,2025-05-01,2025-05-17,2083.33,2083.33
P_L0434_1,L0434,2025-01-31,2025-01-29,4166.67,4166.67
P_L0434_2,L0434,2025-03-02,2025-03-02,4166.67,4166.67
P_L0434_3,L0434,2025-04-01,2025-03-31,4166.67,4166.67
P_L0434_4,L0434,2025-05-01,2025-04-27,4166.67,4166.67
P_L0435_1,L0435,2025-01-31,2025-01-30,2083.33,2083.33
P_L0435_2,L0435,2025-03-02,2025-03-29,2083.33,2083.33
P_L0435_3,L0435,2025-04-01,2025-03-29,2083.33,2083.33
P_L0435_4,L0435,2025-05-01,2025-04-29,2083.33,2083.33
P_L0435_5,L0435,2025-05-31,2025-05-27,2083.33,2083.33
P_L0435_6,L0435,2025-06-30,2025-06-27,2083.33,2083.33
P_L0436_1,L0436,2025-01-31,2025-05-01,8333.33,8333.33
P_L0436_2,L0436,2025-03-02,2025-03-30,8333.33,8333.33
P_L0436_3,L0436,2025-04-01,2025-05-18,8333.33,8333.33
P_L0437_1,L0437,2025-01-31,2025-02-23,833.33,563.53
P_L0437_2,L0437,2025-03-02,2025-04-08,833.33,833.33
P_L0437_3,L0437,2025-04-01,2025-05-18,833.33,833.33
P_L0437_4,L0437,2025-05-01,2025-08-15,833.33,373.5
P_L0437_5,L0437,2025-05-31,2025-05-27,833.33,361.74
P_L0437_6,L0437,2025-06-30,2025-07-22,833.33,321.37
P_L0438_1,L0438,2025-01-31,2025-03-17,8333.33,8333.33
P_L0438_2,L0438,2025-03-02,2025-03-01,8333.33,8333.33
P_L0438_3,L0438,2025-04-01,2025-03-28,8333.33,8333.33
P_L0438_4,L0438,2025-05-01,2025-04-28,8333.33,8333.33
P_L0439_1,L0439,2025-01-31,2025-01-31,2083.33,2083.33
P_L0439_2,L0439,2025-03-02,2025-03-21,2083.33,2083.33
P_L0439_3,L0439,2025-04-01,2025-03-29,2083.33,2083.33
P_L0439_4,L0439,2025-05-01,2025-05-01,2083.33,2083.33
P_L0439_5,L0439,2025-05-31,2025-07-02,2083.33,2083.33
P_L0439_6,L0439,2025-06-30,2025-06-29,2083.33,2083.33
P_L0440_1,L0440,2025-01-31,2025-01-29,12500.0,12500.0
P_L0440_2,L0440,2025-03-02,2025-03-01,12500.0,12500.0
P_L0440_3,L0440,2025-04-01,2025-05-15,12500.0,12500.0
P_L0441_1,L0441,2025-01-31,2025-02-09,833.33,833.33
P_L0441_2,L0441,2025-03-02,2025-02-27,833.33,833.33
P_L0441_3,L0441,2025-04-01,2025-03-30,833.33,833.33
P_L0441_4,L0441,2025-05-01,2025-04-27,833.33,833.33
P_L0442_1,L0442,2025-01-31,2025-01-27,833.33,833.33
P_L0442_2,L0442,2025-03-02,2025-02-28,833.33,833.33
P_L0442_3,L0442,2025-04-01,2025-03-31,833.33,833.33
P_L0442_4,L0442,2025-05-01,2025-05-01,833.33,833.33
P_L0442_5,L0442,2025-05-31,2025-05-27,833.33,833.33
P_L0443_1,L0443,2025-01-31,2025-01-31,4166.67,4166.67
P_L0443_2,L0443,2025-03-02,2025-05-26,4166.67,4166.67
P_L0443_3,L0443,2025-04-01,2025-03-31,4166.67,4166.67
P_L0443_4,L0443,2025-05-01,2025-04-28,4166.67,4166.67
P_L0443_5,L0443,2025-05-31,2025-09-05,4166.67,4166.67
P_L0444_1,L0444,2025-01-31,2025-01-31,4166.67,4166.67
P_L0444_2,L0444,2025-03-02,2025-03-01,4166.67,4166.67
P_L0444_3,L0444,2025-04-01,2025-03-30,4166.67,3289.9
P_L0444_4,L0444,2025-05-01,2025-04-27,4166.67,1566.2
P_L0444_5,L0444,2025-05-31,2025-05-30,4166.67,4166.67
P_L0445_1,L0445,2025-01-31,2025-01-28,12500.0,12500.0
P_L0445_2,L0445,2025-03-02,2025-03-02,12500.0,12500.0
P_L0445_3,L0445,2025-04-01,2025-04-11,12500.0,12500.0
P_L0445_4,L0445,2025-05-01,2025-05-01,12500.0,12500.0
P_L0446_1,L0446,2025-01-31,2025-01-30,833.33,833.33
P_L0446_2,L0446,2025-03-02,2025-02-26,833.33,833.33
P_L0446_3,L0446,2025-04-01,2025-03-29,833.33,833.33
P_L0447_1,L0447,2025-01-31,2025-03-13,12500.0,12500.0
P_L0447_2,L0447,2025-03-02,2025-03-01,12500.0,12500.0
P_L0447_3,L0447,2025-04-01,2025-03-29,12500.0,12500.0
P_L0447_4,L0447,2025-05-01,2025-04-28,12500.0,12500.0
P_L0448_1,L0448,2025-01-31,2025-05-07,4166.67,4166.67
P_L0448_2,L0448,2025-03-02,2025-02-27,4166.67,4166.67
P_L0448_3,L0448,2025-04-01,2025-03-31,4166.67,4166.67
P_L0448_4,L0448,2025-05-01,2025-04-28,4166.67,4166.67
P_L0449_1,L0449,2025-01-31,2025-01-29,4166.67,4166.67
P_L0449_2,L0449,2025-03-02,2025-03-02,4166.67,4166.67
P_L0449_3,L0449,2025-04-01,2025-03-28,4166.67,4166.67
P_L0449_4,L0449,2025-05-01,2025-04-27,4166.67,4166.67
P_L0449_5,L0449,2025-05-31,2025-05-27,4166.67,4166.67
P_L0449_6,L0449,2025-06-30,2025-07-21,4166.67,4166.67
P_L0450_1,L0450,2025-01-31,2025-01-27,833.33,833.33
P_L0450_2,L0450,2025-03-02,2025-03-01,833.33,833.33
P_L0450_3,L0450,2025-04-01,2025-03-29,833.33,833.33
P_L0450_4,L0450,2025-05-01,2025-07-10,833.33,833.33
P_L0451_1,L0451,2025-01-31,2025-01-27,8333.33,8333.33
P_L0451_2,L0451,2025-03-02,2025-03-02,8333.33,8333.33
P_L0451_3,L0451,2025-04-01,2025-03-28,8333.33,8333.33
P_L0451_4,L0451,2025-05-01,2025-04-30,8333.33,8333.33
P_L0451_5,L0451,2025-05-31,2025-05-27,8333.33,8333.33
P_L0451_6,L0451,2025-06-30,2025-06-28,8333.33,8333.33
P_L0452_1,L0452,2025-01-31,2025-01-29,2083.33,2083.33
P_L0452_2,L0452,2025-03-02,2025-05-11,2083.33,2083.33
P_L0452_3,L0452,2025-04-01,2025-03-28,2083.33,2083.33
P_L0453_1,L0453,2025-01-31,2025-01-31,4166.67,4166.67
P_L0453_2,L0453,2025-03-02,2025-03-01,4166.67,4166.67
P_L0453_3,L0453,2025-04-01,2025-03-30,4166.67,3106.67
P_L0453_4,L0453,2025-05-01,2025-08-08,4166.67,4166.67
P_L0453_5,L0453,2025-05-31,2025-07-24,4166.67,2948.49
P_L0453_6,L0453,2025-06-30,2025-06-27,4166.67,4166.67
P_L0454_1,L0454,2025-01-31,2025-01-31,4166.67,4166.67
P_L0454_2,L0454,2025-03-02,2025-03-01,4166.67,4166.67
P_L0454_3,L0454,2025-04-01,2025-03-29,4166.67,4166.67
P_L0455_1,L0455,2025-01-31,2025-02-01,8333.33,8333.33
P_L0455_2,L0455,2025-03-02,2025-05-16,8333.33,8333.33
P_L0455_3,L0455,2025-04-01,2025-03-30,8333.33,8333.33
P_L0455_4,L0455,2025-05-01,2025-04-29,8333.33,8333.33
P_L0455_5,L0455,2025-05-31,2025-07-28,8333.33,8333.33
P_L0456_1,L0456,2025-01-31,2025-01-27,8333.33,8333.33
P_L0456_2,L0456,2025-03-02,2025-02-26,8333.33,8333.33
P_L0456_3,L0456,2025-04-01,2025-04-01,8333.33,8333.33
P_L0457_1,L0457,2025-01-31,2025-01-27,12500.0,12500.0
P_L0457_2,L0457,2025-03-02,2025-02-27,12500.0,12500.0
P_L0457_3,L0457,2025-04-01,2025-03-29,12500.0,12500.0
P_L0457_4,L0457,2025-05-01,2025-04-28,12500.0,12500.0
P_L0457_5,L0457,2025-05-31,2025-05-29,12500.0,12500.0
P_L0458_1,L0458,2025-01-31,2025-01-29,12500.0,12500.0
P_L0458_2,L0458,2025-03-02,2025-02-27,12500.0,12500.0
P_L0458_3,L0458,2025-04-01,2025-03-29,12500.0,12500.0
P_L0458_4,L0458,2025-05-01,2025-04-27,12500.0,12500.0
P_L0459_1,L0459,2025-01-31,2025-01-29,2083.33,2083.33
P_L0459_2,L0459,2025-03-02,2025-03-01,2083.33,2083.33
P_L0459_3,L0459,2025-04-01,2025-03-30,2083.33,2083.33
P_L0460_1,L0460,2025-01-31,2025-01-27,2083.33,2083.33
P_L0460_2,L0460,2025-03-02,2025-02-27,2083.33,2083.33
P_L0460_3,L0460,2025-04-01,2025-03-30,2083.33,2083.33
P_L0460_4,L0460,2025-05-01,2025-04-29,2083.33,2083.33
P_L0461_1,L0461,2025-01-31,2025-02-11,833.33,457.55
P_L0461_2,L0461,2025-03-02,2025-02-27,833.33,833.33
P_L0461_3,L0461,2025-04-01,2025-04-01,833.33,833.33
P_L0461_4,L0461,2025-05-01,2025-04-28,833.33,833.33
P_L0462_1,L0462,2025-01-31,2025-05-14,12500.0,12500.0
P_L0462_2,L0462,2025-03-02,2025-03-02,12500.0,12500.0
P_L0462_3,L0462,2025-04-01,2025-03-29,12500.0,12500.0
P_L0462_4,L0462,2025-05-01,2025-04-27,12500.0,12500.0
P_L0462_5,L0462,2025-05-31,2025-05-27,12500.0,12500.0
P_L0462_6,L0462,2025-06-30,2025-06-30,12500.0,12500.0
P_L0463_1,L0463,2025-01-31,2025-01-31,4166.67,4166.67
P_L0463_2,L0463,2025-03-02,2025-03-02,4166.67,4166.67
P_L0463_3,L0463,2025-04-01,2025-07-02,4166.67,4166.67
P_L0464_1,L0464,2025-01-31,2025-01-30,12500.0,12500.0
P_L0464_2,L0464,2025-03-02,2025-03-02,12500.0,12500.0
P_L0464_3,L0464,2025-04-01,2025-03-28,12500.0,12500.0
P_L0464_4,L0464,2025-05-01,2025-04-28,12500.0,12500.0
P_L0464_5,L0464,2025-05-31,2025-05-29,12500.0,12500.0
P_L0465_1,L0465,2025-01-31,2025-01-29,4166.67,4166.67
P_L0465_2,L0465,2025-03-02,2025-02-27,4166.67,4166.67
P_L0465_3,L0465,2025-04-01,2025-04-01,4166.67,4166.67
P_L0465_4,L0465,2025-05-01,2025-04-30,4166.67,4166.67
P_L0466_1,L0466,2025-01-31,2025-04-05,8333.33,8333.33
P_L0466_2,L0466,2025-03-02,2025-05-05,8333.33,8333.33
P_L0466_3,L0466,2025-04-01,2025-04-01,8333.33,8333.33
P_L0466_4,L0466,2025-05-01,2025-05-11,8333.33,4688.57
P_L0466_5,L0466,2025-05-31,2025-08-30,8333.33,8333.33
P_L0467_1,L0467,2025-01-31,2025-01-28,12500.0,12500.0
P_L0467_2,L0467,2025-03-02,2025-03-02,12500.0,12500.0
P_L0467_3,L0467,2025-04-01,2025-03-31,12500.0,12500.0
P_L0468_1,L0468,2025-01-31,2025-01-30,8333.33,8333.33
P_L0468_2,L0468,2025-03-02,2025-02-28,8333.33,8333.33
P_L0468_3,L0468,2025-04-01,2025-03-30,8333.33,8333.33
P_L0468_4,L0468,2025-05-01,2025-04-28,8333.33,8333.33
P_L0468_5,L0468,2025-05-31,2025-05-29,8333.33,8333.33
P_L0468_6,L0468,2025-06-30,2025-06-30,8333.33,8333.33
P_L0469_1,L0469,2025-01-31,2025-01-27,2083.33,2083.33
P_L0469_2,L0469,2025-03-02,2025-04-18,2083.33,2083.33
P_L0469_3,L0469,2025-04-01,2025-03-29,2083.33,2083.33
P_L0469_4,L0469,2025-05-01,2025-04-30,2083.33,2083.33
P_L0470_1,L0470,2025-01-31,2025-01-28,2083.33,2083.33
P_L0470_2,L0470,2025-03-02,2025-02-28,2083.33,2083.33
P_L0470_3,L0470,2025-04-01,2025-03-29,2083.33,2083.33
P_L0470_4,L0470,2025-05-01,2025-04-30,2083.33,2083.33
P_L0470_5,L0470,2025-05-31,2025-05-27,2083.33,2083.33
P_L0470_6,L0470,2025-06-30,2025-06-29,2083.33,2083.33
P_L0471_1,L0471,2025-01-31,2025-01-27,833.33,833.33
P_L0471_2,L0471,2025-03-02,2025-02-27,833.33,833.33
P_L0471_3,L0471,2025-04-01,2025-06-26,833.33,833.33
P_L0471_4,L0471,2025-05-01,2025-04-30,833.33,833.33
P_L0472_1,L0472,2025-01-31,2025-01-31,12500.0,12500.0
P_L0472_2,L0472,2025-03-02,2025-03-01,12500.0,12500.0
P_L0472_3,L0472,2025-04-01,2025-03-30,12500.0,12500.0
P_L0472_4,L0472,2025-05-01,2025-04-27,12500.0,12500.0
P_L0472_5,L0472,2025-05-31,2025-06-29,12500.0,12500.0
P_L0473_1,L0473,2025-01-31,2025-01-27,8333.33,8333.33
P_L0473_2,L0473,2025-03-02,2025-02-27,8333.33,8333.33
P_L0473_3,L0473,2025-04-01,2025-05-15,8333.33,8333.33
P_L0474_1,L0474,2025-01-31,2025-02-07,4166.67,4166.67
P_L0474_2,L0474,2025-03-02,2025-04-08,4166.67,4166.67
P_L0474_3,L0474,2025-04-01,2025-03-31,4166.67,4166.67
P_L0474_4,L0474,2025-05-01,2025-07-08,4166.67,4166.67
P_L0475_1,L0475,2025-01-31,2025-04-07,2083.33,2083.33
P_L0475_2,L0475,2025-03-02,2025-03-01,2083.33,2083.33
P_L0475_3,L0475,2025-04-01,2025-04-01,2083.33,2083.33
P_L0476_1,L0476,2025-01-31,2025-01-28,2083.33,2083.33
P_L0476_2,L0476,2025-03-02,2025-02-28,2083.33,2083.33
P_L0476_3,L0476,2025-04-01,2025-04-01,2083.33,2083.33
P_L0477_1,L0477,2025-01-31,2025-01-27,4166.67,4166.67
P_L0477_2,L0477,2025-03-02,2025-03-01,4166.67,4166.67
P_L0477_3,L0477,2025-04-01,2025-03-30,4166.67,4166.67
P_L0477_4,L0477,2025-05-01,2025-04-30,4166.67,4166.67
P_L0478_1,L0478,2025-01-31,2025-01-29,8333.33,3268.58
P_L0478_2,L0478,2025-03-02,2025-05-20,8333.33,8333.33
P_L0478_3,L0478,2025-04-01,2025-05-09,8333.33,8333.33
P_L0478_4,L0478,2025-05-01,2025-05-09,8333.33,3309.01
P_L0478_5,L0478,2025-05-31,2025-07-21,8333.33,2796.48
P_L0479_1,L0479,2025-01-31,2025-01-29,8333.33,8333.33
P_L0479_2,L0479,2025-03-02,2025-02-27,8333.33,8333.33
P_L0479_3,L0479,2025-04-01,2025-03-28,8333.33,8333.33
P_L0479_4,L0479,2025-05-01,2025-05-16,8333.33,8333.33
P_L0479_5,L0479,2025-05-31,2025-05-30,8333.33,8333.33
P_L0480_1,L0480,2025-01-31,2025-01-31,12500.0,12500.0
P_L0480_2,L0480,2025-03-02,2025-03-02,12500.0,12500.0
P_L0480_3,L0480,2025-04-01,2025-04-01,12500.0,12500.0
P_L0481_1,L0481,2025-01-31,2025-01-31,12500.0,12500.0
P_L0481_2,L0481,2025-03-02,2025-03-01,12500.0,12500.0
P_L0481_3,L0481,2025-04-01,2025-04-01,12500.0,12500.0
P_L0482_1,L0482,2025-01-31,2025-01-29,833.33,833.33
P_L0482_2,L0482,2025-03-02,2025-02-26,833.33,833.33
P_L0482_3,L0482,2025-04-01,2025-03-31,833.33,833.33
P_L0482_4,L0482,2025-05-01,2025-04-29,833.33,833.33
P_L0482_5,L0482,2025-05-31,2025-05-30,833.33,833.33
P_L0482_6,L0482,2025-06-30,2025-06-30,833.33,833.33
P_L0483_1,L0483,2025-01-31,2025-01-29,2083.33,2083.33
P_L0483_2,L0483,2025-03-02,2025-03-02,2083.33,2083.33
P_L0483_3,L0483,2025-04-01,2025-03-29,2083.33,2083.33
P_L0483_4,L0483,2025-05-01,2025-04-28,2083.33,2083.33
P_L0483_5,L0483,2025-05-31,2025-09-06,2083.33,2083.33
P_L0483_6,L0483,2025-06-30,2025-07-26,2083.33,2083.33
P_L0484_1,L0484,2025-01-31,2025-01-27,12500.0,12500.0
P_L0484_2,L0484,2025-03-02,2025-03-27,12500.0,12500.0
P_L0484_3,L0484,2025-04-01,2025-06-22,12500.0,12500.0
P_L0484_4,L0484,2025-05-01,2025-04-30,12500.0,12500.0
P_L0484_5,L0484,2025-05-31,2025-05-27,12500.0,12500.0
P_L0484_6,L0484,2025-06-30,2025-06-27,12500.0,12500.0
P_L0485_1,L0485,2025-01-31,2025-01-31,8333.33,8333.33
P_L0485_2,L0485,2025-03-02,2025-02-28,8333.33,8333.33
P_L0485_3,L0485,2025-04-01,2025-03-28,8333.33,8333.33
P_L0485_4,L0485,2025-05-01,2025-04-27,8333.33,8333.33
P_L0485_5,L0485,2025-05-31,2025-05-31,8333.33,8333.33
P_L0486_1,L0486,2025-01-31,2025-01-29,4166.67,4166.67
P_L0486_2,L0486,2025-03-02,2025-02-27,4166.67,4166.67
P_L0486_3,L0486,2025-04-01,2025-03-30,4166.67,4166.67
P_L0487_1,L0487,2025-01-31,2025-01-29,8333.33,8333.33
P_L0487_2,L0487,2025-03-02,2025-03-02,8333.33,8333.33
P_L0487_3,L0487,2025-04-01,2025-03-30,8333.33,8333.33
P_L0488_1,L0488,2025-01-31,2025-03-12,2083.33,2083.33
P_L0488_2,L0488,2025-03-02,2025-05-28,2083.33,2083.33
P_L0488_3,L0488,2025-04-01,2025-04-29,2083.33,2083.33
P_L0488_4,L0488,2025-05-01,2025-06-16,2083.33,1385.6
P_L0489_1,L0489,2025-01-31,2025-01-27,8333.33,8333.33
P_L0489_2,L0489,2025-03-02,2025-03-25,8333.33,8333.33
P_L0489_3,L0489,2025-04-01,2025-03-30,8333.33,8333.33
P_L0489_4,L0489,2025-05-01,2025-08-16,8333.33,8333.33
P_L0490_1,L0490,2025-01-31,2025-01-31,833.33,833.33
P_L0490_2,L0490,2025-03-02,2025-02-28,833.33,833.33
P_L0490_3,L0490,2025-04-01,2025-03-31,833.33,833.33
P_L0490_4,L0490,2025-05-01,2025-04-29,833.33,833.33
P_L0490_5,L0490,2025-05-31,2025-05-30,833.33,833.33
P_L0491_1,L0491,2025-01-31,2025-01-29,2083.33,2083.33
P_L0491_2,L0491,2025-03-02,2025-02-26,2083.33,2083.33
P_L0491_3,L0491,2025-04-01,2025-03-28,2083.33,2083.33
P_L0491_4,L0491,2025-05-01,2025-08-01,2083.33,2083.33
P_L0491_5,L0491,2025-05-31,2025-05-31,2083.33,2083.33
P_L0491_6,L0491,2025-06-30,2025-09-13,2083.33,1390.21
P_L0492_1,L0492,2025-01-31,2025-01-30,4166.67,4166.67
P_L0492_2,L0492,2025-03-02,2025-02-26,4166.67,4166.67
P_L0492_3,L0492,2025-04-01,2025-03-30,4166.67,4166.67
P_L0493_1,L0493,2025-01-31,2025-01-28,833.33,833.33
P_L0493_2,L0493,2025-03-02,2025-02-26,833.33,833.33
P_L0493_3,L0493,2025-04-01,2025-04-01,833.33,833.33
P_L0493_4,L0493,2025-05-01,2025-04-27,833.33,833.33
P_L0494_1,L0494,2025-01-31,2025-01-29,2083.33,2083.33
P_L0494_2,L0494,2025-03-02,2025-03-01,2083.33,2083.33
P_L0494_3,L0494,2025-04-01,2025-03-30,2083.33,2083.33
P_L0495_1,L0495,2025-01-31,2025-01-29,4166.67,4166.67
P_L0495_2,L0495,2025-03-02,2025-03-01,4166.67,4166.67
P_L0495_3,L0495,2025-04-01,2025-03-31,4166.67,4166.67
P_L0496_1,L0496,2025-01-31,2025-03-27,833.33,833.33
P_L0496_2,L0496,2025-03-02,2025-03-02,833.33,833.33
P_L0496_3,L0496,2025-04-01,2025-03-28,833.33,833.33
P_L0496_4,L0496,2025-05-01,2025-05-01,833.33,833.33
P_L0496_5,L0496,2025-05-31,2025-07-09,833.33,833.33
P_L0496_6,L0496,2025-06-30,2025-06-29,833.33,833.33
P_L0497_1,L0497,2025-01-31,2025-01-30,833.33,416.8
P_L0497_2,L0497,2025-03-02,2025-02-27,833.33,833.33
P_L0497_3,L0497,2025-04-01,2025-04-10,833.33,360.83
P_L0497_4,L0497,2025-05-01,2025-06-22,833.33,833.33
P_L0498_1,L0498,2025-01-31,2025-01-30,2083.33,2083.33
P_L0498_2,L0498,2025-03-02,2025-02-26,2083.33,2083.33
P_L0498_3,L0498,2025-04-01,2025-03-31,2083.33,2083.33
P_L0499_1,L0499,2025-01-31,2025-01-31,12500.0,12500.0
P_L0499_2,L0499,2025-03-02,2025-03-11,12500.0,3755.81
P_L0499_3,L0499,2025-04-01,2025-03-31,12500.0,12500.0
P_L0500_1,L0500,2025-01-31,2025-01-27,833.33,833.33
P_L0500_2,L0500,2025-03-02,2025-03-02,833.33,833.33
P_L0500_3,L0500,2025-04-01,2025-03-31,833.33,833.33
P_L0500_4,L0500,2025-05-01,2025-04-28,833.33,833.33
P_L0500_5,L0500,2025-05-31,2025-05-27,833.33,833.33
P_L0500_6,L0500,2025-06-30,2025-06-29,833.33,833.33
P_L0501_1,L0501,2025-01-31,2025-01-31,833.33,833.33
P_L0501_2,L0501,2025-03-02,2025-03-22,833.33,833.33
P_L0501_3,L0501,2025-04-01,2025-04-01,833.33,833.33
P_L0501_4,L0501,2025-05-01,2025-05-26,833.33,833.33
P_L0501_5,L0501,2025-05-31,2025-05-28,833.33,833.33
P_L0502_1,L0502,2025-01-31,2025-01-29,4166.67,4166.67
P_L0502_2,L0502,2025-03-02,2025-03-01,4166.67,4166.67
P_L0502_3,L0502,2025-04-01,2025-06-24,4166.67,4166.67
P_L0502_4,L0502,2025-05-01,2025-04-29,4166.67,4166.67
P_L0503_1,L0503,2025-01-31,2025-01-29,8333.33,8333.33
P_L0503_2,L0503,2025-03-02,2025-03-02,8333.33,8333.33
P_L0503_3,L0503,2025-04-01,2025-04-01,8333.33,8333.33
P_L0503_4,L0503,2025-05-01,2025-04-29,8333.33,8333.33
P_L0504_1,L0504,2025-01-31,2025-04-24,2083.33,2083.33
P_L0504_2,L0504,2025-03-02,2025-02-28,2083.33,2083.33
P_L0504_3,L0504,2025-04-01,2025-03-30,2083.33,2083.33
P_L0504_4,L0504,2025-05-01,2025-04-28,2083.33,2083.33
P_L0504_5,L0504,2025-05-31,2025-05-29,2083.33,2083.33
P_L0505_1,L0505,2025-01-31,2025-01-27,2083.33,2083.33
P_L0505_2,L0505,2025-03-02,2025-02-28,2083.33,2083.33
P_L0505_3,L0505,2025-04-01,2025-03-29,2083.33,2083.33
P_L0505_4,L0505,2025-05-01,2025-05-25,2083.33,2083.33
P_L0506_1,L0506,2025-01-31,2025-01-27,12500.0,12500.0
P_L0506_2,L0506,2025-03-02,2025-03-02,12500.0,12500.0
P_L0506_3,L0506,2025-04-01,2025-03-30,12500.0,12500.0
P_L0506_4,L0506,2025-05-01,2025-04-29,12500.0,12500.0
P_L0507_1,L0507,2025-01-31,2025-01-29,12500.0,12500.0
P_L0507_2,L0507,2025-03-02,2025-05-02,12500.0,12500.0
P_L0507_3,L0507,2025-04-01,2025-06-30,12500.0,12500.0
P_L0507_4,L0507,2025-05-01,2025-06-24,12500.0,12500.0
P_L0508_1,L0508,2025-01-31,2025-01-29,2083.33,2083.33
P_L0508_2,L0508,2025-03-02,2025-02-27,2083.33,2083.33
P_L0508_3,L0508,2025-04-01,2025-03-30,2083.33,2083.33
P_L0508_4,L0508,2025-05-01,2025-04-27,2083.33,2083.33
P_L0508_5,L0508,2025-05-31,2025-05-28,2083.33,2083.33
P_L0508_6,L0508,2025-06-30,2025-06-28,2083.33,2083.33
P_L0509_1,L0509,2025-01-31,2025-01-29,12500.0,12500.0
P_L0509_2,L0509,2025-03-02,2025-02-27,12500.0,12500.0
P_L0509_3,L0509,2025-04-01,2025-03-30,12500.0,12500.0
P_L0509_4,L0509,2025-05-01,2025-04-27,12500.0,12500.0
P_L0510_1,L0510,2025-01-31,2025-05-11,4166.67,4166.67
P_L0510_2,L0510,2025-03-02,2025-02-28,4166.67,4166.67
P_L0510_3,L0510,2025-04-01,2025-03-30,4166.67,4166.67
P_L0511_1,L0511,2025-01-31,2025-01-29,2083.33,2083.33
P_L0511_2,L0511,2025-03-02,2025-02-28,2083.33,2083.33
P_L0511_3,L0511,2025-04-01,2025-03-28,2083.33,2083.33
P_L0511_4,L0511,2025-05-01,2025-05-01,2083.33,2083.33
P_L0511_5,L0511,2025-05-31,2025-05-28,2083.33,2083.33
P_L0511_6,L0511,2025-06-30,2025-06-29,2083.33,2083.33
P_L0512_1,L0512,2025-01-31,2025-01-29,12500.0,12500.0
P_L0512_2,L0512,2025-03-02,2025-02-27,12500.0,12500.0
P_L0512_3,L0512,2025-04-01,2025-03-30,12500.0,12500.0
P_L0512_4,L0512,2025-05-01,2025-04-27,12500.0,12500.0
P_L0513_1,L0513,2025-01-31,2025-05-15,2083.33,2083.33
P_L0513_2,L0513,2025-03-02,2025-02-27,2083.33,2083.33
P_L0513_3,L0513,2025-04-01,2025-04-01,2083.33,2083.33
P_L0514_1,L0514,2025-01-31,2025-05-19,8333.33,8333.33
P_L0514_2,L0514,2025-03-02,2025-05-23,8333.33,8333.33
P_L0514_3,L0514,2025-04-01,2025-03-28,8333.33,8333.33
P_L0514_4,L0514,2025-05-01,2025-07-31,8333.33,2805.68
P_L0515_1,L0515,2025-01-31,2025-01-27,833.33,833.33
P_L0515_2,L0515,2025-03-02,2025-02-26,833.33,833.33
P_L0515_3,L0515,2025-04-01,2025-03-30,833.33,833.33
P_L0515_4,L0515,2025-05-01,2025-04-30,833.33,833.33
P_L0516_1,L0516,2025-01-31,2025-01-29,2083.33,2083.33
P_L0516_2,L0516,2025-03-02,2025-03-04,2083.33,2083.33
P_L0516_3,L0516,2025-04-01,2025-04-01,2083.33,2083.33
P_L0516_4,L0516,2025-05-01,2025-05-21,2083.33,1017.1
P_L0517_1,L0517,2025-01-31,2025-01-27,833.33,833.33
P_L0517_2,L0517,2025-03-02,2025-03-01,833.33,833.33
P_L0517_3,L0517,2025-04-01,2025-07-10,833.33,833.33
P_L0518_1,L0518,2025-01-31,2025-01-30,12500.0,4502.27
P_L0518_2,L0518,2025-03-02,2025-03-20,12500.0,12500.0
P_L0518_3,L0518,2025-04-01,2025-04-02,12500.0,6952.46
P_L0518_4,L0518,2025-05-01,2025-06-13,12500.0,12500.0
P_L0519_1,L0519,2025-01-31,2025-01-31,833.33,833.33
P_L0519_2,L0519,2025-03-02,2025-03-01,833.33,329.11
P_L0519_3,L0519,2025-04-01,2025-04-14,833.33,438.42
P_L0520_1,L0520,2025-01-31,2025-01-27,2083.33,2083.33
P_L0520_2,L0520,2025-03-02,2025-03-01,2083.33,2083.33
P_L0520_3,L0520,2025-04-01,2025-03-30,2083.33,2083.33
P_L0521_1,L0521,2025-01-31,2025-01-30,8333.33,8333.33
P_L0521_2,L0521,2025-03-02,2025-05-12,8333.33,8333.33
P_L0521_3,L0521,2025-04-01,2025-03-31,8333.33,8333.33
P_L0521_4,L0521,2025-05-01,2025-04-30,8333.33,8333.33
P_L0522_1,L0522,2025-01-31,2025-01-31,12500.0,12500.0
P_L0522_2,L0522,2025-03-02,2025-02-28,12500.0,12500.0
P_L0522_3,L0522,2025-04-01,2025-03-31,12500.0,12500.0
P_L0523_1,L0523,2025-01-31,2025-01-28,2083.33,2083.33
P_L0523_2,L0523,2025-03-02,2025-02-28,2083.33,2083.33
P_L0523_3,L0523,2025-04-01,2025-04-21,2083.33,2083.33
P_L0523_4,L0523,2025-05-01,2025-05-01,2083.33,2083.33
P_L0524_1,L0524,2025-01-31,2025-01-29,12500.0,12500.0
P_L0524_2,L0524,2025-03-02,2025-03-02,12500.0,12500.0
P_L0524_3,L0524,2025-04-01,2025-03-30,12500.0,12500.0
P_L0524_4,L0524,2025-05-01,2025-04-27,12500.0,12500.0
P_L0525_1,L0525,2025-01-31,2025-01-27,4166.67,4166.67
P_L0525_2,L0525,2025-03-02,2025-03-01,4166.67,4166.67
P_L0525_3,L0525,2025-04-01,2025-03-31,4166.67,4166.67
P_L0525_4,L0525,2025-05-01,2025-05-01,4166.67,4166.67
P_L0526_1,L0526,2025-01-31,2025-01-31,833.33,833.33
P_L0526_2,L0526,2025-03-02,2025-02-28,833.33,833.33
P_L0526_3,L0526,2025-04-01,2025-03-30,833.33,833.33
P_L0526_4,L0526,2025-05-01,2025-04-30,833.33,833.33
P_L0527_1,L0527,2025-01-31,2025-01-31,4166.67,4166.67
P_L0527_2,L0527,2025-03-02,2025-02-26,4166.67,4166.67
P_L0527_3,L0527,2025-04-01,2025-06-05,4166.67,4166.67
P_L0527_4,L0527,2025-05-01,2025-04-29,4166.67,4166.67
P_L0527_5,L0527,2025-05-31,2025-05-28,4166.67,4166.67
P_L0528_1,L0528,2025-01-31,2025-01-30,2083.33,2083.33
P_L0528_2,L0528,2025-03-02,2025-03-02,2083.33,2083.33
P_L0528_3,L0528,2025-04-01,2025-03-30,2083.33,2083.33
P_L0528_4,L0528,2025-05-01,2025-06-29,2083.33,2083.33
P_L0528_5,L0528,2025-05-31,2025-05-28,2083.33,2083.33
P_L0529_1,L0529,2025-01-31,2025-01-30,8333.33,8333.33
P_L0529_2,L0529,2025-03-02,2025-02-27,8333.33,8333.33
P_L0529_3,L0529,2025-04-01,2025-03-30,8333.33,8333.33
P_L0530_1,L0530,2025-01-31,2025-04-22,12500.0,12500.0
P_L0530_2,L0530,2025-03-02,2025-03-02,12500.0,12500.0
P_L0530_3,L0530,2025-04-01,2025-05-29,12500.0,6108.52
P_L0530_4,L0530,2025-05-01,2025-05-24,12500.0,12500.0
P_L0531_1,L0531,2025-01-31,2025-01-28,833.33,833.33
P_L0531_2,L0531,2025-03-02,2025-03-02,833.33,833.33
P_L0531_3,L0531,2025-04-01,2025-07-19,833.33,833.33
P_L0532_1,L0532,2025-01-31,2025-01-31,12500.0,12500.0
P_L0532_2,L0532,2025-03-02,2025-03-01,12500.0,12500.0
P_L0532_3,L0532,2025-04-01,2025-04-01,12500.0,12500.0
P_L0532_4,L0532,2025-05-01,2025-04-27,12500.0,12500.0
P_L0532_5,L0532,2025-05-31,2025-05-29,12500.0,12500.0
P_L0533_1,L0533,2025-01-31,2025-01-31,2083.33,2083.33
P_L0533_2,L0533,2025-03-02,2025-02-28,2083.33,2083.33
P_L0533_3,L0533,2025-04-01,2025-03-31,2083.33,2083.33
P_L0533_4,L0533,2025-05-01,2025-05-01,2083.33,2083.33
P_L0533_5,L0533,2025-05-31,2025-05-28,2083.33,2083.33
P_L0534_1,L0534,2025-01-31,2025-01-30,12500.0,12500.0
P_L0534_2,L0534,2025-03-02,2025-06-08,12500.0,12500.0
P_L0534_3,L0534,2025-04-01,2025-03-28,12500.0,12500.0
P_L0534_4,L0534,2025-05-01,2025-05-01,12500.0,12500.0
P_L0534_5,L0534,2025-05-31,2025-05-29,12500.0,12500.0
P_L0534_6,L0534,2025-06-30,2025-08-11,12500.0,12500.0
P_L0535_1,L0535,2025-01-31,2025-01-31,833.33,833.33
P_L0535_2,L0535,2025-03-02,2025-02-27,833.33,445.43
P_L0535_3,L0535,2025-04-01,2025-03-31,833.33,833.33
P_L0535_4,L0535,2025-05-01,2025-04-27,833.33,833.33
P_L0535_5,L0535,2025-05-31,2025-05-30,833.33,833.33
P_L0536_1,L0536,2025-01-31,2025-01-29,2083.33,835.57
P_L0536_2,L0536,2025-03-02,2025-03-02,2083.33,1573.77
P_L0536_3,L0536,2025-04-01,2025-06-02,2083.33,2083.33
P_L0536_4,L0536,2025-05-01,2025-05-18,2083.33,1631.07
P_L0537_1,L0537,2025-01-31,2025-01-27,12500.0,12500.0
P_L0537_2,L0537,2025-03-02,2025-03-01,12500.0,12500.0
P_L0537_3,L0537,2025-04-01,2025-06-24,12500.0,12500.0
P_L0537_4,L0537,2025-05-01,2025-07-13,12500.0,12500.0
P_L0537_5,L0537,2025-05-31,2025-06-04,12500.0,12500.0
P_L0537_6,L0537,2025-06-30,2025-06-28,12500.0,5712.77
P_L0538_1,L0538,2025-01-31,2025-01-27,8333.33,8333.33
P_L0538_2,L0538,2025-03-02,2025-03-01,8333.33,8333.33
P_L0538_3,L0538,2025-04-01,2025-04-01,8333.33,8333.33
P_L0538_4,L0538,2025-05-01,2025-04-28,8333.33,8333.33
P_L0538_5,L0538,2025-05-31,2025-05-27,8333.33,8333.33
P_L0539_1,L0539,2025-01-31,2025-01-30,2083.33,2083.33
P_L0539_2,L0539,2025-03-02,2025-02-27,2083.33,2083.33
P_L0539_3,L0539,2025-04-01,2025-04-01,2083.33,2083.33
P_L0539_4,L0539,2025-05-01,2025-04-29,2083.33,2083.33
P_L0539_5,L0539,2025-05-31,2025-05-30,2083.33,2083.33
P_L0540_1,L0540,2025-01-31,2025-01-28,2083.33,2083.33
P_L0540_2,L0540,2025-03-02,2025-02-27,2083.33,2083.33
P_L0540_3,L0540,2025-04-01,2025-03-28,2083.33,2083.33
P_L0540_4,L0540,2025-05-01,2025-05-01,2083.33,2083.33
P_L0540_5,L0540,2025-05-31,2025-06-10,2083.33,2083.33
P_L0541_1,L0541,2025-01-31,2025-01-30,8333.33,8333.33
P_L0541_2,L0541,2025-03-02,2025-02-27,8333.33,8333.33
P_L0541_3,L0541,2025-04-01,2025-03-29,8333.33,8333.33
P_L0541_4,L0541,2025-05-01,2025-05-01,8333.33,8333.33
P_L0542_1,L0542,2025-01-31,2025-05-01,4166.67,4166.67
P_L0542_2,L0542,2025-03-02,2025-04-16,4166.67,4166.67
P_L0542_3,L0542,2025-04-01,2025-06-08,4166.67,4166.67
P_L0542_4,L0542,2025-05-01,2025-04-28,4166.67,4166.67
P_L0543_1,L0543,2025-01-31,2025-01-31,833.33,833.33
P_L0543_2,L0543,2025-03-02,2025-03-01,833.33,833.33
P_L0543_3,L0543,2025-04-01,2025-03-28,833.33,833.33
P_L0543_4,L0543,2025-05-01,2025-04-28,833.33,833.33
P_L0543_5,L0543,2025-05-31,2025-05-30,833.33,833.33
P_L0543_6,L0543,2025-06-30,2025-06-26,833.33,833.33
P_L0544_1,L0544,2025-01-31,2025-01-28,4166.67,4166.67
P_L0544_2,L0544,2025-03-02,2025-02-27,4166.67,4166.67
P_L0544_3,L0544,2025-04-01,2025-03-30,4166.67,4166.67
P_L0544_4,L0544,2025-05-01,2025-04-30,4166.67,4166.67
P_L0544_5,L0544,2025-05-31,2025-05-29,4166.67,4166.67
P_L0545_1,L0545,2025-01-31,2025-01-27,12500.0,12500.0
P_L0545_2,L0545,2025-03-02,2025-03-01,12500.0,12500.0
P_L0545_3,L0545,2025-04-01,2025-03-30,12500.0,12500.0
P_L0545_4,L0545,2025-05-01,2025-04-27,12500.0,12500.0
P_L0546_1,L0546,2025-01-31,2025-01-29,8333.33,8333.33
P_L0546_2,L0546,2025-03-02,2025-02-28,8333.33,8333.33
P_L0546_3,L0546,2025-04-01,2025-03-28,8333.33,8333.33
P_L0546_4,L0546,2025-05-01,2025-04-29,8333.33,8333.33
P_L0546_5,L0546,2025-05-31,2025-05-29,8333.33,8333.33
P_L0547_1,L0547,2025-01-31,2025-01-27,4166.67,4166.67
P_L0547_2,L0547,2025-03-02,2025-02-28,4166.67,4166.67
P_L0547_3,L0547,2025-04-01,2025-04-18,4166.67,4166.67
P_L0547_4,L0547,2025-05-01,2025-04-27,4166.67,4166.67
P_L0548_1,L0548,2025-01-31,2025-01-30,2083.33,2083.33
P_L0548_2,L0548,2025-03-02,2025-02-28,2083.33,2083.33
P_L0548_3,L0548,2025-04-01,2025-03-31,2083.33,2083.33
P_L0549_1,L0549,2025-01-31,2025-01-30,12500.0,12500.0
P_L0549_2,L0549,2025-03-02,2025-03-19,12500.0,12500.0
P_L0549_3,L0549,2025-04-01,2025-06-02,12500.0,12500.0
P_L0549_4,L0549,2025-05-01,2025-05-01,12500.0,12500.0
P_L0549_5,L0549,2025-05-31,2025-05-28,12500.0,12500.0
P_L0549_6,L0549,2025-06-30,2025-06-29,12500.0,12500.0
P_L0550_1,L0550,2025-01-31,2025-01-31,12500.0,12500.0
P_L0550_2,L0550,2025-03-02,2025-02-26,12500.0,12500.0
P_L0550_3,L0550,2025-04-01,2025-03-29,12500.0,12500.0
P_L0550_4,L0550,2025-05-01,2025-04-30,12500.0,12500.0
P_L0551_1,L0551,2025-01-31,2025-03-23,4166.67,4166.67
P_L0551_2,L0551,2025-03-02,2025-03-02,4166.67,4166.67
P_L0551_3,L0551,2025-04-01,2025-04-01,4166.67,4166.67
P_L0551_4,L0551,2025-05-01,2025-04-30,4166.67,4166.67
P_L0552_1,L0552,2025-01-31,2025-01-28,4166.67,4166.67
P_L0552_2,L0552,2025-03-02,2025-02-27,4166.67,4166.67
P_L0552_3,L0552,2025-04-01,2025-03-29,4166.67,4166.67
P_L0552_4,L0552,2025-05-01,2025-04-28,4166.67,4166.67
P_L0552_5,L0552,2025-05-31,2025-05-30,4166.67,4166.67
P_L0553_1,L0553,2025-01-31,2025-01-28,8333.33,8333.33
P_L0553_2,L0553,2025-03-02,2025-02-27,8333.33,8333.33
P_L0553_3,L0553,2025-04-01,2025-04-01,8333.33,8333.33
P_L0554_1,L0554,2025-01-31,2025-01-27,833.33,833.33
P_L0554_2,L0554,2025-03-02,2025-05-03,833.33,480.34
P_L0554_3,L0554,2025-04-01,2025-03-30,833.33,655.19
P_L0555_1,L0555,2025-01-31,2025-03-29,4166.67,4166.67
P_L0555_2,L0555,2025-03-02,2025-05-29,4166.67,4166.67
P_L0555_3,L0555,2025-04-01,2025-03-31,4166.67,4166.67
P_L0555_4,L0555,2025-05-01,2025-06-27,4166.67,4166.67
P_L0555_5,L0555,2025-05-31,2025-05-28,4166.67,4166.67
P_L0555_6,L0555,2025-06-30,2025-07-27,4166.67,4166.67
P_L0556_1,L0556,2025-01-31,2025-01-28,4166.67,4166.67
P_L0556_2,L0556,2025-03-02,2025-03-01,4166.67,4166.67
P_L0556_3,L0556,2025-04-01,2025-03-30,4166.67,4166.67
P_L0556_4,L0556,2025-05-01,2025-05-01,4166.67,4166.67
P_L0557_1,L0557,2025-01-31,2025-01-27,2083.33,2083.33
P_L0557_2,L0557,2025-03-02,2025-03-02,2083.33,2083.33
P_L0557_3,L0557,2025-04-01,2025-03-31,2083.33,2083.33
P_L0557_4,L0557,2025-05-01,2025-08-10,2083.33,2083.33
P_L0557_5,L0557,2025-05-31,2025-07-05,2083.33,2083.33
P_L0557_6,L0557,2025-06-30,2025-06-26,2083.33,2083.33
P_L0558_1,L0558,2025-01-31,2025-01-27,12500.0,12500.0
P_L0558_2,L0558,2025-03-02,2025-02-26,12500.0,12500.0
P_L0558_3,L0558,2025-04-01,2025-05-23,12500.0,12500.0
P_L0558_4,L0558,2025-05-01,2025-04-30,12500.0,12500.0
P_L0559_1,L0559,2025-01-31,2025-01-31,833.33,833.33
P_L0559_2,L0559,2025-03-02,2025-02-27,833.33,833.33
P_L0559_3,L0559,2025-04-01,2025-03-30,833.33,360.5
P_L0559_4,L0559,2025-05-01,2025-05-13,833.33,833.33
P_L0560_1,L0560,2025-01-31,2025-02-18,2083.33,2083.33
P_L0560_2,L0560,2025-03-02,2025-02-26,2083.33,2083.33
P_L0560_3,L0560,2025-04-01,2025-03-28,2083.33,2083.33
P_L0561_1,L0561,2025-01-31,2025-01-30,8333.33,8333.33
P_L0561_2,L0561,2025-03-02,2025-03-01,8333.33,8333.33
P_L0561_3,L0561,2025-04-01,2025-03-29,8333.33,8333.33
P_L0561_4,L0561,2025-05-01,2025-04-28,8333.33,8333.33
P_L0561_5,L0561,2025-05-31,2025-05-27,8333.33,8333.33
P_L0562_1,L0562,2025-01-31,2025-01-30,8333.33,8333.33
P_L0562_2,L0562,2025-03-02,2025-03-09,8333.33,8333.33
P_L0562_3,L0562,2025-04-01,2025-03-29,8333.33,8333.33
P_L0563_1,L0563,2025-01-31,2025-04-01,4166.67,4166.67
P_L0563_2,L0563,2025-03-02,2025-02-26,4166.67,4166.67
P_L0563_3,L0563,2025-04-01,2025-03-30,4166.67,4166.67
P_L0563_4,L0563,2025-05-01,2025-04-27,4166.67,4166.67
P_L0563_5,L0563,2025-05-31,2025-05-30,4166.67,4166.67
P_L0563_6,L0563,2025-06-30,2025-06-27,4166.67,4166.67
P_L0564_1,L0564,2025-01-31,2025-01-28,4166.67,4166.67
P_L0564_2,L0564,2025-03-02,2025-03-02,4166.67,4166.67
P_L0564_3,L0564,2025-04-01,2025-03-29,4166.67,4166.67
P_L0564_4,L0564,2025-05-01,2025-04-27,4166.67,4166.67
P_L0564_5,L0564,2025-05-31,2025-05-27,4166.67,4166.67
P_L0564_6,L0564,2025-06-30,2025-06-26,4166.67,4166.67
P_L0565_1,L0565,2025-01-31,2025-01-27,8333.33,8333.33
P_L0565_2,L0565,2025-03-02,2025-02-26,8333.33,8333.33
P_L0565_3,L0565,2025-04-01,2025-03-28,8333.33,8333.33
P_L0566_1,L0566,2025-01-31,2025-02-12,4166.67,4166.67
P_L0566_2,L0566,2025-03-02,2025-03-02,4166.67,4166.67
P_L0566_3,L0566,2025-04-01,2025-04-13,4166.67,4166.67
P_L0566_4,L0566,2025-05-01,2025-04-28,4166.67,4166.67
P_L0567_1,L0567,2025-01-31,2025-01-29,833.33,833.33
P_L0567_2,L0567,2025-03-02,2025-03-01,833.33,833.33
P_L0567_3,L0567,2025-04-01,2025-03-31,833.33,833.33
P_L0567_4,L0567,2025-05-01,2025-04-30,833.33,833.33
P_L0568_1,L0568,2025-01-31,2025-01-28,4166.67,4166.67
P_L0568_2,L0568,2025-03-02,2025-03-02,4166.67,4166.67
P_L0568_3,L0568,2025-04-01,2025-03-30,4166.67,4166.67
P_L0568_4,L0568,2025-05-01,2025-05-01,4166.67,4166.67
P_L0569_1,L0569,2025-01-31,2025-01-27,12500.0,12500.0
P_L0569_2,L0569,2025-03-02,2025-03-12,12500.0,12500.0
P_L0569_3,L0569,2025-04-01,2025-03-31,12500.0,5867.58
P_L0569_4,L0569,2025-05-01,2025-08-07,12500.0,12500.0
P_L0569_5,L0569,2025-05-31,2025-07-31,12500.0,12500.0
P_L0570_1,L0570,2025-01-31,2025-01-31,4166.67,4166.67
P_L0570_2,L0570,2025-03-02,2025-03-02,4166.67,4166.67
P_L0570_3,L0570,2025-04-01,2025-03-28,4166.67,4166.67
P_L0570_4,L0570,2025-05-01,2025-04-27,4166.67,4166.67
P_L0570_5,L0570,2025-05-31,2025-05-28,4166.67,4166.67
P_L0571_1,L0571,2025-01-31,2025-01-28,2083.33,2083.33
P_L0571_2,L0571,2025-03-02,2025-03-01,2083.33,2083.33
P_L0571_3,L0571,2025-04-01,2025-03-31,2083.33,2083.33
P_L0571_4,L0571,2025-05-01,2025-04-29,2083.33,2083.33
P_L0572_1,L0572,2025-01-31,2025-01-30,833.33,833.33
P_L0572_2,L0572,2025-03-02,2025-03-01,833.33,833.33
P_L0572_3,L0572,2025-04-01,2025-03-29,833.33,833.33
P_L0572_4,L0572,2025-05-01,2025-05-01,833.33,833.33
P_L0572_5,L0572,2025-05-31,2025-05-30,833.33,833.33
P_L0573_1,L0573,2025-01-31,2025-01-29,2083.33,2083.33
P_L0573_2,L0573,2025-03-02,2025-03-02,2083.33,2083.33
P_L0573_3,L0573,2025-04-01,2025-04-01,2083.33,2083.33
P_L0574_1,L0574,2025-01-31,2025-01-29,2083.33,2083.33
P_L0574_2,L0574,2025-03-02,2025-02-27,2083.33,2083.33
P_L0574_3,L0574,2025-04-01,2025-03-30,2083.33,2083.33
P_L0574_4,L0574,2025-05-01,2025-04-30,2083.33,2083.33
P_L0574_5,L0574,2025-05-31,2025-05-28,2083.33,2083.33
P_L0575_1,L0575,2025-01-31,2025-04-26,12500.0,12500.0
P_L0575_2,L0575,2025-03-02,2025-02-27,12500.0,12500.0
P_L0575_3,L0575,2025-04-01,2025-06-27,12500.0,12500.0
P_L0576_1,L0576,2025-01-31,2025-01-28,833.33,833.33
P_L0576_2,L0576,2025-03-02,2025-02-26,833.33,833.33
P_L0576_3,L0576,2025-04-01,2025-03-31,833.33,833.33
P_L0576_4,L0576,2025-05-01,2025-04-29,833.33,833.33
P_L0577_1,L0577,2025-01-31,2025-01-28,833.33,833.33
P_L0577_2,L0577,2025-03-02,2025-04-23,833.33,833.33
P_L0577_3,L0577,2025-04-01,2025-03-29,833.33,833.33
P_L0577_4,L0577,2025-05-01,2025-06-14,833.33,833.33
P_L0578_1,L0578,2025-01-31,2025-01-30,833.33,833.33
P_L0578_2,L0578,2025-03-02,2025-03-01,833.33,833.33
P_L0578_3,L0578,2025-04-01,2025-04-01,833.33,833.33
P_L0579_1,L0579,2025-01-31,2025-02-10,833.33,833.33
P_L0579_2,L0579,2025-03-02,2025-02-28,833.33,833.33
P_L0579_3,L0579,2025-04-01,2025-03-30,833.33,833.33
P_L0580_1,L0580,2025-01-31,2025-01-28,833.33,833.33
P_L0580_2,L0580,2025-03-02,2025-02-26,833.33,833.33
P_L0580_3,L0580,2025-04-01,2025-04-01,833.33,833.33
P_L0581_1,L0581,2025-01-31,2025-03-30,12500.0,12500.0
P_L0581_2,L0581,2025-03-02,2025-02-27,12500.0,12500.0
P_L0581_3,L0581,2025-04-01,2025-03-30,12500.0,12500.0
P_L0582_1,L0582,2025-01-31,2025-03-22,4166.67,2837.27
P_L0582_2,L0582,2025-03-02,2025-02-26,4166.67,4166.67
P_L0582_3,L0582,2025-04-01,2025-03-29,4166.67,4166.67
P_L0582_4,L0582,2025-05-01,2025-05-01,4166.67,4166.67
P_L0582_5,L0582,2025-05-31,2025-08-31,4166.67,4166.67
P_L0583_1,L0583,2025-01-31,2025-01-28,2083.33,2083.33
P_L0583_2,L0583,2025-03-02,2025-03-02,2083.33,2083.33
P_L0583_3,L0583,2025-04-01,2025-03-28,2083.33,2083.33
P_L0583_4,L0583,2025-05-01,2025-05-01,2083.33,2083.33
P_L0583_5,L0583,2025-05-31,2025-05-31,2083.33,2083.33
P_L0583_6,L0583,2025-06-30,2025-06-28,2083.33,2083.33
P_L0584_1,L0584,2025-01-31,2025-01-31,833.33,833.33
P_L0584_2,L0584,2025-03-02,2025-03-02,833.33,833.33
P_L0584_3,L0584,2025-04-01,2025-03-28,833.33,833.33
P_L0584_4,L0584,2025-05-01,2025-04-28,833.33,833.33
P_L0585_1,L0585,2025-01-31,2025-04-26,4166.67,4166.67
P_L0585_2,L0585,2025-03-02,2025-02-28,4166.67,4166.67
P_L0585_3,L0585,2025-04-01,2025-04-01,4166.67,4166.67
P_L0585_4,L0585,2025-05-01,2025-05-01,4166.67,4166.67
P_L0585_5,L0585,2025-05-31,2025-05-29,4166.67,4166.67
P_L0585_6,L0585,2025-06-30,2025-06-29,4166.67,4166.67
P_L0586_1,L0586,2025-01-31,2025-01-31,4166.67,4166.67
P_L0586_2,L0586,2025-03-02,2025-04-18,4166.67,4166.67
P_L0586_3,L0586,2025-04-01,2025-03-29,4166.67,4166.67
P_L0586_4,L0586,2025-05-01,2025-04-27,4166.67,4166.67
P_L0587_1,L0587,2025-01-31,2025-01-29,2083.33,2083.33
P_L0587_2,L0587,2025-03-02,2025-02-27,2083.33,2083.33
P_L0587_3,L0587,2025-04-01,2025-03-29,2083.33,2083.33
P_L0587_4,L0587,2025-05-01,2025-04-27,2083.33,2083.33
P_L0587_5,L0587,2025-05-31,2025-05-28,2083.33,2083.33
P_L0588_1,L0588,2025-01-31,2025-01-28,12500.0,12500.0
P_L0588_2,L0588,2025-03-02,2025-02-26,12500.0,12500.0
P_L0588_3,L0588,2025-04-01,2025-04-01,12500.0,12500.0
P_L0588_4,L0588,2025-05-01,2025-04-30,12500.0,12500.0
P_L0588_5,L0588,2025-05-31,2025-05-29,12500.0,12500.0
P_L0588_6,L0588,2025-06-30,2025-06-30,12500.0,12500.0
P_L0589_1,L0589,2025-01-31,2025-01-28,8333.33,8333.33
P_L0589_2,L0589,2025-03-02,2025-03-30,8333.33,8333.33
P_L0589_3,L0589,2025-04-01,2025-03-28,8333.33,8333.33
P_L0590_1,L0590,2025-01-31,2025-01-29,8333.33,8333.33
P_L0590_2,L0590,2025-03-02,2025-02-27,8333.33,8333.33
P_L0590_3,L0590,2025-04-01,2025-04-01,8333.33,8333.33
P_L0590_4,L0590,2025-05-01,2025-04-30,8333.33,8333.33
P_L0590_5,L0590,2025-05-31,2025-05-29,8333.33,8333.33
P_L0591_1,L0591,2025-01-31,2025-01-28,4166.67,4166.67
P_L0591_2,L0591,2025-03-02,2025-02-28,4166.67,4166.67
P_L0591_3,L0591,2025-04-01,2025-03-30,4166.67,4166.67
P_L0591_4,L0591,2025-05-01,2025-04-27,4166.67,4166.67
P_L0591_5,L0591,2025-05-31,2025-05-30,4166.67,4166.67
P_L0591_6,L0591,2025-06-30,2025-06-29,4166.67,4166.67
P_L0592_1,L0592,2025-01-31,2025-01-31,2083.33,2083.33
P_L0592_2,L0592,2025-03-02,2025-02-28,2083.33,2083.33
P_L0592_3,L0592,2025-04-01,2025-03-28,2083.33,2083.33
P_L0592_4,L0592,2025-05-01,2025-04-28,2083.33,2083.33
P_L0592_5,L0592,2025-05-31,2025-05-31,2083.33,2083.33
P_L0592_6,L0592,2025-06-30,2025-06-29,2083.33,2083.33
P_L0593_1,L0593,2025-01-31,2025-01-28,8333.33,8333.33
P_L0593_2,L0593,2025-03-02,2025-02-27,8333.33,8333.33
P_L0593_3,L0593,2025-04-01,2025-04-01,8333.33,8333.33
P_L0593_4,L0593,2025-05-01,2025-05-01,8333.33,8333.33
P_L0593_5,L0593,2025-05-31,2025-09-14,8333.33,8333.33
P_L0594_1,L0594,2025-01-31,2025-01-30,4166.67,4166.67
P_L0594_2,L0594,2025-03-02,2025-03-01,4166.67,4166.67
P_L0594_3,L0594,2025-04-01,2025-03-29,4166.67,4166.67
P_L0595_1,L0595,2025-01-31,2025-01-31,12500.0,12500.0
P_L0595_2,L0595,2025-03-02,2025-02-27,12500.0,12500.0
P_L0595_3,L0595,2025-04-01,2025-03-31,12500.0,12500.0
P_L0595_4,L0595,2025-05-01,2025-04-27,12500.0,12500.0
P_L0595_5,L0595,2025-05-31,2025-05-30,12500.0,12500.0
P_L0595_6,L0595,2025-06-30,2025-06-29,12500.0,12500.0
P_L0596_1,L0596,2025-01-31,2025-01-29,8333.33,8333.33
P_L0596_2,L0596,2025-03-02,2025-03-01,8333.33,8333.33
P_L0596_3,L0596,2025-04-01,2025-03-28,8333.33,8333.33
P_L0597_1,L0597,2025-01-31,2025-01-31,4166.67,4166.67
P_L0597_2,L0597,2025-03-02,2025-03-01,4166.67,4166.67
P_L0597_3,L0597,2025-04-01,2025-04-01,4166.67,4166.67
P_L0597_4,L0597,2025-05-01,2025-04-29,4166.67,4166.67
P_L0597_5,L0597,2025-05-31,2025-05-30,4166.67,4166.67
P_L0597_6,L0597,2025-06-30,2025-09-15,4166.67,4166.67
P_L0598_1,L0598,2025-01-31,2025-05-13,4166.67,4166.67
P_L0598_2,L0598,2025-03-02,2025-02-28,4166.67,4166.67
P_L0598_3,L0598,2025-04-01,2025-03-29,4166.67,4166.67
P_L0598_4,L0598,2025-05-01,2025-06-10,4166.67,4166.67
P_L0598_5,L0598,2025-05-31,2025-05-29,4166.67,4166.67
P_L0599_1,L0599,2025-01-31,2025-01-31,833.33,833.33
P_L0599_2,L0599,2025-03-02,2025-02-27,833.33,833.33
P_L0599_3,L0599,2025-04-01,2025-03-28,833.33,833.33
P_L0599_4,L0599,2025-05-01,2025-05-01,833.33,833.33
P_L0599_5,L0599,2025-05-31,2025-05-31,833.33,833.33
P_L0600_1,L0600,2025-01-31,2025-01-30,12500.0,12500.0
P_L0600_2,L0600,2025-03-02,2025-04-23,12500.0,12500.0
P_L0600_3,L0600,2025-04-01,2025-03-29,12500.0,12500.0
P_L0600_4,L0600,2025-05-01,2025-04-30,12500.0,12500.0
P_L0600_5,L0600,2025-05-31,2025-05-29,12500.0,12500.0
P_L0601_1,L0601,2025-01-31,2025-01-28,833.33,833.33
P_L0601_2,L0601,2025-03-02,2025-02-26,833.33,833.33
P_L0601_3,L0601,2025-04-01,2025-03-28,833.33,833.33
P_L0601_4,L0601,2025-05-01,2025-06-23,833.33,833.33
P_L0601_5,L0601,2025-05-31,2025-05-27,833.33,833.33
P_L0602_1,L0602,2025-01-31,2025-01-31,2083.33,2083.33
P_L0602_2,L0602,2025-03-02,2025-02-26,2083.33,2083.33
P_L0602_3,L0602,2025-04-01,2025-04-06,2083.33,2083.33
P_L0602_4,L0602,2025-05-01,2025-04-27,2083.33,2083.33
P_L0602_5,L0602,2025-05-31,2025-05-30,2083.33,2083.33
P_L0602_6,L0602,2025-06-30,2025-06-28,2083.33,2083.33
P_L0603_1,L0603,2025-01-31,2025-05-20,833.33,833.33
P_L0603_2,L0603,2025-03-02,2025-04-12,833.33,521.86
P_L0603_3,L0603,2025-04-01,2025-06-20,833.33,833.33
P_L0603_4,L0603,2025-05-01,2025-05-18,833.33,833.33
P_L0603_5,L0603,2025-05-31,2025-06-23,833.33,573.28
P_L0603_6,L0603,2025-06-30,2025-06-27,833.33,518.29
P_L0604_1,L0604,2025-01-31,2025-01-31,833.33,833.33
P_L0604_2,L0604,2025-03-02,2025-03-01,833.33,833.33
P_L0604_3,L0604,2025-04-01,2025-03-31,833.33,833.33
P_L0605_1,L0605,2025-01-31,2025-01-27,8333.33,8333.33
P_L0605_2,L0605,2025-03-02,2025-03-01,8333.33,8333.33
P_L0605_3,L0605,2025-04-01,2025-03-30,8333.33,8333.33
P_L0605_4,L0605,2025-05-01,2025-04-30,8333.33,8333.33
P_L0606_1,L0606,2025-01-31,2025-01-29,4166.67,4166.67
P_L0606_2,L0606,2025-03-02,2025-03-01,4166.67,4166.67
P_L0606_3,L0606,2025-04-01,2025-04-01,4166.67,4166.67
P_L0606_4,L0606,2025-05-01,2025-04-27,4166.67,4166.67
P_L0606_5,L0606,2025-05-31,2025-05-27,4166.67,4166.67
P_L0607_1,L0607,2025-01-31,2025-01-27,12500.0,12500.0
P_L0607_2,L0607,2025-03-02,2025-03-01,12500.0,12500.0
P_L0607_3,L0607,2025-04-01,2025-03-31,12500.0,12500.0
P_L0607_4,L0607,2025-05-01,2025-04-30,12500.0,12500.0
P_L0607_5,L0607,2025-05-31,2025-05-29,12500.0,12500.0
P_L0608_1,L0608,2025-01-31,2025-01-28,833.33,833.33
P_L0608_2,L0608,2025-03-02,2025-03-01,833.33,833.33
P_L0608_3,L0608,2025-04-01,2025-03-30,833.33,833.33
P_L0608_4,L0608,2025-05-01,2025-04-27,833.33,833.33
P_L0609_1,L0609,2025-01-31,2025-03-23,12500.0,12500.0
P_L0609_2,L0609,2025-03-02,2025-05-05,12500.0,12500.0
P_L0609_3,L0609,2025-04-01,2025-07-12,12500.0,12500.0
P_L0609_4,L0609,2025-05-01,2025-04-27,12500.0,12500.0
P_L0610_1,L0610,2025-01-31,2025-01-29,833.33,833.33
P_L0610_2,L0610,2025-03-02,2025-05-23,833.33,833.33
P_L0610_3,L0610,2025-04-01,2025-03-30,833.33,833.33
P_L0610_4,L0610,2025-05-01,2025-04-28,833.33,833.33
P_L0611_1,L0611,2025-01-31,2025-01-29,2083.33,2083.33
P_L0611_2,L0611,2025-03-02,2025-02-28,2083.33,2083.33
P_L0611_3,L0611,2025-04-01,2025-03-31,2083.33,2083.33
P_L0611_4,L0611,2025-05-01,2025-04-28,2083.33,2083.33
P_L0611_5,L0611,2025-05-31,2025-05-30,2083.33,2083.33
P_L0612_1,L0612,2025-01-31,2025-01-30,833.33,833.33
P_L0612_2,L0612,2025-03-02,2025-02-26,833.33,833.33
P_L0612_3,L0612,2025-04-01,2025-03-31,833.33,833.33
P_L0613_1,L0613,2025-01-31,2025-01-27,8333.33,8333.33
P_L0613_2,L0613,2025-03-02,2025-05-11,8333.33,8333.33
P_L0613_3,L0613,2025-04-01,2025-03-30,8333.33,8333.33
P_L0613_4,L0613,2025-05-01,2025-04-30,8333.33,8333.33
P_L0613_5,L0613,2025-05-31,2025-05-27,8333.33,8333.33
P_L0613_6,L0613,2025-06-30,2025-06-27,8333.33,8333.33
P_L0614_1,L0614,2025-01-31,2025-01-29,4166.67,4166.67
P_L0614_2,L0614,2025-03-02,2025-02-26,4166.67,4166.67
P_L0614_3,L0614,2025-04-01,2025-03-28,4166.67,4166.67
P_L0614_4,L0614,2025-05-01,2025-04-29,4166.67,4166.67
P_L0615_1,L0615,2025-01-31,2025-01-29,2083.33,2083.33
P_L0615_2,L0615,2025-03-02,2025-03-01,2083.33,2083.33
P_L0615_3,L0615,2025-04-01,2025-04-01,2083.33,2083.33
P_L0616_1,L0616,2025-01-31,2025-01-31,833.33,833.33
P_L0616_2,L0616,2025-03-02,2025-02-26,833.33,833.33
P_L0616_3,L0616,2025-04-01,2025-03-28,833.33,833.33
P_L0616_4,L0616,2025-05-01,2025-04-28,833.33,833.33
P_L0616_5,L0616,2025-05-31,2025-05-30,833.33,833.33
P_L0617_1,L0617,2025-01-31,2025-01-31,12500.0,12500.0
P_L0617_2,L0617,2025-03-02,2025-03-28,12500.0,12500.0
P_L0617_3,L0617,2025-04-01,2025-03-29,12500.0,12500.0
P_L0618_1,L0618,2025-01-31,2025-01-27,2083.33,2083.33
P_L0618_2,L0618,2025-03-02,2025-03-02,2083.33,2083.33
P_L0618_3,L0618,2025-04-01,2025-03-29,2083.33,2083.33
P_L0618_4,L0618,2025-05-01,2025-04-27,2083.33,2083.33
P_L0618_5,L0618,2025-05-31,2025-05-31,2083.33,2083.33
P_L0618_6,L0618,2025-06-30,2025-06-28,2083.33,2083.33
P_L0619_1,L0619,2025-01-31,2025-01-27,2083.33,2083.33
P_L0619_2,L0619,2025-03-02,2025-02-28,2083.33,2083.33
P_L0619_3,L0619,2025-04-01,2025-03-28,2083.33,2083.33
P_L0619_4,L0619,2025-05-01,2025-04-30,2083.33,2083.33
P_L0619_5,L0619,2025-05-31,2025-05-29,2083.33,2083.33
P_L0619_6,L0619,2025-06-30,2025-06-29,2083.33,2083.33
P_L0620_1,L0620,2025-01-31,2025-01-29,833.33,833.33
P_L0620_2,L0620,2025-03-02,2025-03-01,833.33,833.33
P_L0620_3,L0620,2025-04-01,2025-04-01,833.33,833.33
P_L0621_1,L0621,2025-01-31,2025-01-27,2083.33,2083.33
P_L0621_2,L0621,2025-03-02,2025-02-26,2083.33,2083.33
P_L0621_3,L0621,2025-04-01,2025-03-31,2083.33,2083.33
P_L0621_4,L0621,2025-05-01,2025-04-30,2083.33,2083.33
P_L0622_1,L0622,2025-01-31,2025-01-28,12500.0,12500.0
P_L0622_2,L0622,2025-03-02,2025-02-27,12500.0,12500.0
P_L0622_3,L0622,2025-04-01,2025-04-01,12500.0,12500.0
P_L0622_4,L0622,2025-05-01,2025-04-27,12500.0,12500.0
P_L0622_5,L0622,2025-05-31,2025-09-02,12500.0,12500.0
P_L0622_6,L0622,2025-06-30,2025-06-28,12500.0,12500.0
P_L0623_1,L0623,2025-01-31,2025-01-28,2083.33,2083.33
P_L0623_2,L0623,2025-03-02,2025-05-18,2083.33,2083.33
P_L0623_3,L0623,2025-04-01,2025-03-31,2083.33,2083.33
P_L0623_4,L0623,2025-05-01,2025-04-28,2083.33,2083.33
P_L0624_1,L0624,2025-01-31,2025-01-29,12500.0,12500.0
P_L0624_2,L0624,2025-03-02,2025-03-02,12500.0,12500.0
P_L0624_3,L0624,2025-04-01,2025-04-01,12500.0,12500.0
P_L0624_4,L0624,2025-05-01,2025-04-29,12500.0,12500.0
P_L0624_5,L0624,2025-05-31,2025-05-27,12500.0,12500.0
P_L0624_6,L0624,2025-06-30,2025-06-29,12500.0,12500.0
P_L0625_1,L0625,2025-01-31,2025-05-14,833.33,833.33
P_L0625_2,L0625,2025-03-02,2025-05-12,833.33,631.37
P_L0625_3,L0625,2025-04-01,2025-04-27,833.33,644.71
P_L0625_4,L0625,2025-05-01,2025-07-11,833.33,477.36
P_L0625_5,L0625,2025-05-31,2025-05-28,833.33,833.33
P_L0626_1,L0626,2025-01-31,2025-01-28,4166.67,4166.67
P_L0626_2,L0626,2025-03-02,2025-05-30,4166.67,4166.67
P_L0626_3,L0626,2025-04-01,2025-03-30,4166.67,4166.67
P_L0626_4,L0626,2025-05-01,2025-04-29,4166.67,4166.67
P_L0626_5,L0626,2025-05-31,2025-09-15,4166.67,4166.67
P_L0626_6,L0626,2025-06-30,2025-06-26,4166.67,4166.67
P_L0627_1,L0627,2025-01-31,2025-01-28,2083.33,2083.33
P_L0627_2,L0627,2025-03-02,2025-02-26,2083.33,2083.33
P_L0627_3,L0627,2025-04-01,2025-04-01,2083.33,2083.33
P_L0628_1,L0628,2025-01-31,2025-01-27,4166.67,4166.67
P_L0628_2,L0628,2025-03-02,2025-02-27,4166.67,4166.67
P_L0628_3,L0628,2025-04-01,2025-03-28,4166.67,4166.67
P_L0628_4,L0628,2025-05-01,2025-07-25,4166.67,4166.67
P_L0629_1,L0629,2025-01-31,2025-01-29,12500.0,12500.0
P_L0629_2,L0629,2025-03-02,2025-03-02,12500.0,12500.0
P_L0629_3,L0629,2025-04-01,2025-05-19,12500.0,12500.0
P_L0630_1,L0630,2025-01-31,2025-01-31,2083.33,2083.33
P_L0630_2,L0630,2025-03-02,2025-03-01,2083.33,2083.33
P_L0630_3,L0630,2025-04-01,2025-06-24,2083.33,2083.33
P_L0630_4,L0630,2025-05-01,2025-06-11,2083.33,2083.33
P_L0631_1,L0631,2025-01-31,2025-01-30,8333.33,8333.33
P_L0631_2,L0631,2025-03-02,2025-02-27,8333.33,8333.33
P_L0631_3,L0631,2025-04-01,2025-03-29,8333.33,8333.33
P_L0631_4,L0631,2025-05-01,2025-05-01,8333.33,8333.33
P_L0631_5,L0631,2025-05-31,2025-05-30,8333.33,8333.33
P_L0632_1,L0632,2025-01-31,2025-03-17,4166.67,2550.24
P_L0632_2,L0632,2025-03-02,2025-03-20,4166.67,3150.44
P_L0632_3,L0632,2025-04-01,2025-06-18,4166.67,4166.67
P_L0632_4,L0632,2025-05-01,2025-06-12,4166.67,2031.92
P_L0632_5,L0632,2025-05-31,2025-07-27,4166.67,3121.14
P_L0633_1,L0633,2025-01-31,2025-01-29,2083.33,2083.33
P_L0633_2,L0633,2025-03-02,2025-03-01,2083.33,2083.33
P_L0633_3,L0633,2025-04-01,2025-05-16,2083.33,2083.33
P_L0633_4,L0633,2025-05-01,2025-04-30,2083.33,2083.33
P_L0633_5,L0633,2025-05-31,2025-05-30,2083.33,2083.33
P_L0634_1,L0634,2025-01-31,2025-01-27,4166.67,4166.67
P_L0634_2,L0634,2025-03-02,2025-03-02,4166.67,4166.67
P_L0634_3,L0634,2025-04-01,2025-03-28,4166.67,4166.67
P_L0634_4,L0634,2025-05-01,2025-04-30,4166.67,4166.67
P_L0634_5,L0634,2025-05-31,2025-05-27,4166.67,4166.67
P_L0634_6,L0634,2025-06-30,2025-06-30,4166.67,4166.67
P_L0635_1,L0635,2025-01-31,2025-01-29,2083.33,2083.33
P_L0635_2,L0635,2025-03-02,2025-02-27,2083.33,2083.33
P_L0635_3,L0635,2025-04-01,2025-03-31,2083.33,2083.33
P_L0635_4,L0635,2025-05-01,2025-05-01,2083.33,2083.33
P_L0636_1,L0636,2025-01-31,2025-01-29,833.33,833.33
P_L0636_2,L0636,2025-03-02,2025-03-02,833.33,833.33
P_L0636_3,L0636,2025-04-01,2025-03-29,833.33,833.33
P_L0636_4,L0636,2025-05-01,2025-05-01,833.33,833.33
P_L0637_1,L0637,2025-01-31,2025-03-13,4166.67,4166.67
P_L0637_2,L0637,2025-03-02,2025-02-27,4166.67,4166.67
P_L0637_3,L0637,2025-04-01,2025-03-31,4166.67,4166.67
P_L0637_4,L0637,2025-05-01,2025-04-27,4166.67,4166.67
P_L0638_1,L0638,2025-01-31,2025-01-30,8333.33,8333.33
P_L0638_2,L0638,2025-03-02,2025-02-28,8333.33,8333.33
P_L0638_3,L0638,2025-04-01,2025-03-31,8333.33,8333.33
P_L0638_4,L0638,2025-05-01,2025-04-29,8333.33,8333.33
P_L0639_1,L0639,2025-01-31,2025-03-29,8333.33,8333.33
P_L0639_2,L0639,2025-03-02,2025-02-26,8333.33,8333.33
P_L0639_3,L0639,2025-04-01,2025-03-29,8333.33,8333.33
P_L0640_1,L0640,2025-01-31,2025-01-28,12500.0,12500.0
P_L0640_2,L0640,2025-03-02,2025-03-01,12500.0,12500.0
P_L0640_3,L0640,2025-04-01,2025-07-14,12500.0,7773.25
P_L0640_4,L0640,2025-05-01,2025-08-03,12500.0,8350.22
P_L0641_1,L0641,2025-01-31,2025-01-30,2083.33,2083.33
P_L0641_2,L0641,2025-03-02,2025-03-02,2083.33,2083.33
P_L0641_3,L0641,2025-04-01,2025-04-01,2083.33,2083.33
P_L0641_4,L0641,2025-05-01,2025-04-29,2083.33,2083.33
P_L0641_5,L0641,2025-05-31,2025-05-29,2083.33,2083.33
P_L0641_6,L0641,2025-06-30,2025-08-09,2083.33,2083.33
P_L0642_1,L0642,2025-01-31,2025-01-29,4166.67,4166.67
P_L0642_2,L0642,2025-03-02,2025-03-01,4166.67,4166.67
P_L0642_3,L0642,2025-04-01,2025-03-29,4166.67,4166.67
P_L0642_4,L0642,2025-05-01,2025-04-29,4166.67,4166.67
P_L0642_5,L0642,2025-05-31,2025-05-31,4166.67,4166.67
P_L0642_6,L0642,2025-06-30,2025-06-29,4166.67,4166.67
P_L0643_1,L0643,2025-01-31,2025-01-27,12500.0,12500.0
P_L0643_2,L0643,2025-03-02,2025-02-26,12500.0,12500.0
P_L0643_3,L0643,2025-04-01,2025-03-31,12500.0,12500.0
P_L0643_4,L0643,2025-05-01,2025-04-27,12500.0,12500.0
P_L0643_5,L0643,2025-05-31,2025-09-15,12500.0,12500.0
P_L0643_6,L0643,2025-06-30,2025-06-28,12500.0,12500.0
P_L0644_1,L0644,2025-01-31,2025-01-30,4166.67,4166.67
P_L0644_2,L0644,2025-03-02,2025-03-02,4166.67,4166.67
P_L0644_3,L0644,2025-04-01,2025-04-01,4166.67,4166.67
P_L0644_4,L0644,2025-05-01,2025-04-30,4166.67,4166.67
P_L0645_1,L0645,2025-01-31,2025-01-30,2083.33,2083.33
P_L0645_2,L0645,2025-03-02,2025-03-01,2083.33,2083.33
P_L0645_3,L0645,2025-04-01,2025-03-29,2083.33,2083.33
P_L0646_1,L0646,2025-01-31,2025-04-03,8333.33,8333.33
P_L0646_2,L0646,2025-03-02,2025-03-01,8333.33,8333.33
P_L0646_3,L0646,2025-04-01,2025-03-30,8333.33,8333.33
P_L0646_4,L0646,2025-05-01,2025-04-29,8333.33,8333.33
P_L0647_1,L0647,2025-01-31,2025-01-30,833.33,833.33
P_L0647_2,L0647,2025-03-02,2025-02-26,833.33,833.33
P_L0647_3,L0647,2025-04-01,2025-03-28,833.33,833.33
P_L0647_4,L0647,2025-05-01,2025-05-01,833.33,833.33
P_L0647_5,L0647,2025-05-31,2025-05-30,833.33,833.33
P_L0648_1,L0648,2025-01-31,2025-01-29,8333.33,8333.33
P_L0648_2,L0648,2025-03-02,2025-02-28,8333.33,8333.33
P_L0648_3,L0648,2025-04-01,2025-03-31,8333.33,8333.33
P_L0649_1,L0649,2025-01-31,2025-01-31,12500.0,12500.0
P_L0649_2,L0649,2025-03-02,2025-03-01,12500.0,12500.0
P_L0649_3,L0649,2025-04-01,2025-03-29,12500.0,12500.0
P_L0649_4,L0649,2025-05-01,2025-04-29,12500.0,12500.0
P_L0649_5,L0649,2025-05-31,2025-09-02,12500.0,12500.0
P_L0649_6,L0649,2025-06-30,2025-06-30,12500.0,12500.0
P_L0650_1,L0650,2025-01-31,2025-03-01,833.33,833.33
P_L0650_2,L0650,2025-03-02,2025-02-26,833.33,833.33
P_L0650_3,L0650,2025-04-01,2025-03-28,833.33,833.33
P_L0650_4,L0650,2025-05-01,2025-04-29,833.33,833.33
P_L0650_5,L0650,2025-05-31,2025-05-29,833.33,833.33
P_L0651_1,L0651,2025-01-31,2025-01-27,12500.0,12500.0
P_L0651_2,L0651,2025-03-02,2025-02-27,12500.0,12500.0
P_L0651_3,L0651,2025-04-01,2025-04-01,12500.0,12500.0
P_L0651_4,L0651,2025-05-01,2025-07-14,12500.0,12500.0
P_L0651_5,L0651,2025-05-31,2025-07-02,12500.0,12500.0
P_L0652_1,L0652,2025-01-31,2025-01-30,2083.33,2083.33
P_L0652_2,L0652,2025-03-02,2025-02-28,2083.33,2083.33
P_L0652_3,L0652,2025-04-01,2025-03-28,2083.33,2083.33
P_L0652_4,L0652,2025-05-01,2025-05-01,2083.33,2083.33
P_L0652_5,L0652,2025-05-31,2025-07-23,2083.33,2083.33
P_L0652_6,L0652,2025-06-30,2025-06-29,2083.33,2083.33
P_L0653_1,L0653,2025-01-31,2025-01-27,833.33,833.33
P_L0653_2,L0653,2025-03-02,2025-02-26,833.33,833.33
P_L0653_3,L0653,2025-04-01,2025-03-30,833.33,833.33
P_L0653_4,L0653,2025-05-01,2025-04-28,833.33,833.33
P_L0654_1,L0654,2025-01-31,2025-02-17,12500.0,12500.0
P_L0654_2,L0654,2025-03-02,2025-03-01,12500.0,12500.0
P_L0654_3,L0654,2025-04-01,2025-03-29,12500.0,12500.0
P_L0654_4,L0654,2025-05-01,2025-04-30,12500.0,12500.0
P_L0654_5,L0654,2025-05-31,2025-05-27,12500.0,12500.0
P_L0654_6,L0654,2025-06-30,2025-06-28,12500.0,12500.0
P_L0655_1,L0655,2025-01-31,2025-04-07,2083.33,2083.33
P_L0655_2,L0655,2025-03-02,2025-03-02,2083.33,2083.33
P_L0655_3,L0655,2025-04-01,2025-03-28,2083.33,2083.33
P_L0656_1,L0656,2025-01-31,2025-01-29,8333.33,8333.33
P_L0656_2,L0656,2025-03-02,2025-03-01,8333.33,8333.33
P_L0656_3,L0656,2025-04-01,2025-03-30,8333.33,8333.33
P_L0656_4,L0656,2025-05-01,2025-04-27,8333.33,8333.33
P_L0656_5,L0656,2025-05-31,2025-05-27,8333.33,8333.33
P_L0657_1,L0657,2025-01-31,2025-01-27,2083.33,2083.33
P_L0657_2,L0657,2025-03-02,2025-02-27,2083.33,2083.33
P_L0657_3,L0657,2025-04-01,2025-03-31,2083.33,2083.33
P_L0657_4,L0657,2025-05-01,2025-08-06,2083.33,2083.33
P_L0657_5,L0657,2025-05-31,2025-05-29,2083.33,2083.33
P_L0657_6,L0657,2025-06-30,2025-08-04,2083.33,2083.33
P_L0658_1,L0658,2025-01-31,2025-01-27,4166.67,4166.67
P_L0658_2,L0658,2025-03-02,2025-04-25,4166.67,4166.67
P_L0658_3,L0658,2025-04-01,2025-03-28,4166.67,4166.67
P_L0659_1,L0659,2025-01-31,2025-01-31,2083.33,2083.33
P_L0659_2,L0659,2025-03-02,2025-04-21,2083.33,2083.33
P_L0659_3,L0659,2025-04-01,2025-03-31,2083.33,2083.33
P_L0659_4,L0659,2025-05-01,2025-07-17,2083.33,2083.33
P_L0659_5,L0659,2025-05-31,2025-05-31,2083.33,2083.33
P_L0659_6,L0659,2025-06-30,2025-10-04,2083.33,2083.33
P_L0660_1,L0660,2025-01-31,2025-01-28,2083.33,2083.33
P_L0660_2,L0660,2025-03-02,2025-03-01,2083.33,2083.33
P_L0660_3,L0660,2025-04-01,2025-05-21,2083.33,2083.33
P_L0660_4,L0660,2025-05-01,2025-04-29,2083.33,2083.33
P_L0661_1,L0661,2025-01-31,2025-01-28,4166.67,4166.67
P_L0661_2,L0661,2025-03-02,2025-05-10,4166.67,4166.67
P_L0661_3,L0661,2025-04-01,2025-05-12,4166.67,4166.67
P_L0661_4,L0661,2025-05-01,2025-04-30,4166.67,4166.67
P_L0661_5,L0661,2025-05-31,2025-06-07,4166.67,4166.67
P_L0661_6,L0661,2025-06-30,2025-06-26,4166.67,4166.67
P_L0662_1,L0662,2025-01-31,2025-01-29,12500.0,12500.0
P_L0662_2,L0662,2025-03-02,2025-03-01,12500.0,12500.0
P_L0662_3,L0662,2025-04-01,2025-03-28,12500.0,12500.0
P_L0662_4,L0662,2025-05-01,2025-06-19,12500.0,12500.0
P_L0662_5,L0662,2025-05-31,2025-06-21,12500.0,12500.0
P_L0662_6,L0662,2025-06-30,2025-06-30,12500.0,12500.0
P_L0663_1,L0663,2025-01-31,2025-01-27,12500.0,12500.0
P_L0663_2,L0663,2025-03-02,2025-02-28,12500.0,12500.0
P_L0663_3,L0663,2025-04-01,2025-03-28,12500.0,12500.0
P_L0663_4,L0663,2025-05-01,2025-05-01,12500.0,12500.0
P_L0663_5,L0663,2025-05-31,2025-05-30,12500.0,12500.0
P_L0664_1,L0664,2025-01-31,2025-01-27,2083.33,2083.33
P_L0664_2,L0664,2025-03-02,2025-02-28,2083.33,2083.33
P_L0664_3,L0664,2025-04-01,2025-03-30,2083.33,2083.33
P_L0665_1,L0665,2025-01-31,2025-01-28,4166.67,4166.67
P_L0665_2,L0665,2025-03-02,2025-03-01,4166.67,4166.67
P_L0665_3,L0665,2025-04-01,2025-03-28,4166.67,4166.67
P_L0665_4,L0665,2025-05-01,2025-05-17,4166.67,4166.67
P_L0665_5,L0665,2025-05-31,2025-05-27,4166.67,4166.67
P_L0665_6,L0665,2025-06-30,2025-06-30,4166.67,4166.67
P_L0666_1,L0666,2025-01-31,2025-01-29,4166.67,4166.67
P_L0666_2,L0666,2025-03-02,2025-02-27,4166.67,4166.67
P_L0666_3,L0666,2025-04-01,2025-03-28,4166.67,4166.67
P_L0666_4,L0666,2025-05-01,2025-04-28,4166.67,4166.67
P_L0666_5,L0666,2025-05-31,2025-05-31,4166.67,4166.67
P_L0666_6,L0666,2025-06-30,2025-06-28,4166.67,4166.67
P_L0667_1,L0667,2025-01-31,2025-01-31,8333.33,8333.33
P_L0667_2,L0667,2025-03-02,2025-02-26,8333.33,8333.33
P_L0667_3,L0667,2025-04-01,2025-06-24,8333.33,8333.33
P_L0667_4,L0667,2025-05-01,2025-05-01,8333.33,8333.33
P_L0667_5,L0667,2025-05-31,2025-05-27,8333.33,8333.33
P_L0667_6,L0667,2025-06-30,2025-10-06,8333.33,8333.33
P_L0668_1,L0668,2025-01-31,2025-02-26,12500.0,12500.0
P_L0668_2,L0668,2025-03-02,2025-03-01,12500.0,12500.0
P_L0668_3,L0668,2025-04-01,2025-03-31,12500.0,12500.0
P_L0668_4,L0668,2025-05-01,2025-04-29,12500.0,12500.0
P_L0668_5,L0668,2025-05-31,2025-05-30,12500.0,12500.0
P_L0669_1,L0669,2025-01-31,2025-01-28,833.33,833.33
P_L0669_2,L0669,2025-03-02,2025-03-26,833.33,833.33
P_L0669_3,L0669,2025-04-01,2025-03-30,833.33,833.33
P_L0669_4,L0669,2025-05-01,2025-04-28,833.33,833.33
P_L0669_5,L0669,2025-05-31,2025-05-30,833.33,833.33
P_L0669_6,L0669,2025-06-30,2025-06-30,833.33,833.33
P_L0670_1,L0670,2025-01-31,2025-01-28,12500.0,12500.0
P_L0670_2,L0670,2025-03-02,2025-02-28,12500.0,12500.0
P_L0670_3,L0670,2025-04-01,2025-03-29,12500.0,12500.0
P_L0670_4,L0670,2025-05-01,2025-07-03,12500.0,12500.0
P_L0670_5,L0670,2025-05-31,2025-05-31,12500.0,12500.0
P_L0670_6,L0670,2025-06-30,2025-06-27,12500.0,12500.0
P_L0671_1,L0671,2025-01-31,2025-01-28,12500.0,12500.0
P_L0671_2,L0671,2025-03-02,2025-02-28,12500.0,12500.0
P_L0671_3,L0671,2025-04-01,2025-03-28,12500.0,12500.0
P_L0671_4,L0671,2025-05-01,2025-04-30,12500.0,12500.0
P_L0672_1,L0672,2025-01-31,2025-02-15,8333.33,8333.33
P_L0672_2,L0672,2025-03-02,2025-03-01,8333.33,8333.33
P_L0672_3,L0672,2025-04-01,2025-05-30,8333.33,8333.33
P_L0672_4,L0672,2025-05-01,2025-04-29,8333.33,8333.33
P_L0672_5,L0672,2025-05-31,2025-05-30,8333.33,8333.33
P_L0672_6,L0672,2025-06-30,2025-07-29,8333.33,8333.33
P_L0673_1,L0673,2025-01-31,2025-01-30,833.33,833.33
P_L0673_2,L0673,2025-03-02,2025-05-15,833.33,833.33
P_L0673_3,L0673,2025-04-01,2025-03-30,833.33,833.33
P_L0673_4,L0673,2025-05-01,2025-04-28,833.33,833.33
P_L0673_5,L0673,2025-05-31,2025-05-27,833.33,833.33
P_L0674_1,L0674,2025-01-31,2025-02-28,8333.33,8333.33
P_L0674_2,L0674,2025-03-02,2025-03-12,8333.33,8333.33
P_L0674_3,L0674,2025-04-01,2025-06-26,8333.33,8333.33
P_L0674_4,L0674,2025-05-01,2025-04-30,8333.33,8333.33
P_L0674_5,L0674,2025-05-31,2025-05-28,8333.33,8333.33
P_L0675_1,L0675,2025-01-31,2025-03-07,833.33,833.33
P_L0675_2,L0675,2025-03-02,2025-04-29,833.33,833.33
P_L0675_3,L0675,2025-04-01,2025-03-30,833.33,833.33
P_L0676_1,L0676,2025-01-31,2025-03-15,2083.33,1547.46
P_L0676_2,L0676,2025-03-02,2025-03-14,2083.33,830.93
P_L0676_3,L0676,2025-04-01,2025-04-24,2083.33,2083.33
P_L0677_1,L0677,2025-01-31,2025-01-28,833.33,833.33
P_L0677_2,L0677,2025-03-02,2025-03-02,833.33,833.33
P_L0677_3,L0677,2025-04-01,2025-06-10,833.33,833.33
P_L0677_4,L0677,2025-05-01,2025-04-29,833.33,833.33
P_L0677_5,L0677,2025-05-31,2025-05-27,833.33,833.33
P_L0677_6,L0677,2025-06-30,2025-06-29,833.33,833.33
P_L0678_1,L0678,2025-01-31,2025-01-29,8333.33,8333.33
P_L0678_2,L0678,2025-03-02,2025-03-20,8333.33,8333.33
P_L0678_3,L0678,2025-04-01,2025-04-29,8333.33,8333.33
P_L0678_4,L0678,2025-05-01,2025-07-25,8333.33,8333.33
P_L0678_5,L0678,2025-05-31,2025-05-29,8333.33,8333.33
P_L0678_6,L0678,2025-06-30,2025-06-28,8333.33,8333.33
P_L0679_1,L0679,2025-01-31,2025-01-30,12500.0,12500.0
P_L0679_2,L0679,2025-03-02,2025-02-26,12500.0,12500.0
P_L0679_3,L0679,2025-04-01,2025-03-30,12500.0,12500.0
P_L0679_4,L0679,2025-05-01,2025-05-01,12500.0,12500.0
P_L0680_1,L0680,2025-01-31,2025-01-30,833.33,833.33
P_L0680_2,L0680,2025-03-02,2025-03-01,833.33,833.33
P_L0680_3,L0680,2025-04-01,2025-03-29,833.33,833.33
P_L0681_1,L0681,2025-01-31,2025-01-28,833.33,833.33
P_L0681_2,L0681,2025-03-02,2025-04-24,833.33,833.33
P_L0681_3,L0681,2025-04-01,2025-04-05,833.33,833.33
P_L0681_4,L0681,2025-05-01,2025-08-17,833.33,833.33
P_L0681_5,L0681,2025-05-31,2025-05-28,833.33,833.33
P_L0682_1,L0682,2025-01-31,2025-01-30,4166.67,4166.67
P_L0682_2,L0682,2025-03-02,2025-02-28,4166.67,4166.67
P_L0682_3,L0682,2025-04-01,2025-03-30,4166.67,4166.67
P_L0683_1,L0683,2025-01-31,2025-01-27,12500.0,12500.0
P_L0683_2,L0683,2025-03-02,2025-04-05,12500.0,12500.0
P_L0683_3,L0683,2025-04-01,2025-03-31,12500.0,12500.0
P_L0683_4,L0683,2025-05-01,2025-04-29,12500.0,12500.0
P_L0683_5,L0683,2025-05-31,2025-05-27,12500.0,12500.0
P_L0683_6,L0683,2025-06-30,2025-06-27,12500.0,12500.0
P_L0684_1,L0684,2025-01-31,2025-02-19,2083.33,2083.33
P_L0684_2,L0684,2025-03-02,2025-02-28,2083.33,2083.33
P_L0684_3,L0684,2025-04-01,2025-06-03,2083.33,2083.33
P_L0684_4,L0684,2025-05-01,2025-04-29,2083.33,2083.33
P_L0685_1,L0685,2025-01-31,2025-01-29,8333.33,8333.33
P_L0685_2,L0685,2025-03-02,2025-03-02,8333.33,8333.33
P_L0685_3,L0685,2025-04-01,2025-03-30,8333.33,8333.33
P_L0685_4,L0685,2025-05-01,2025-04-29,8333.33,8333.33
P_L0685_5,L0685,2025-05-31,2025-05-30,8333.33,8333.33
P_L0686_1,L0686,2025-01-31,2025-01-28,2083.33,2083.33
P_L0686_2,L0686,2025-03-02,2025-02-28,2083.33,2083.33
P_L0686_3,L0686,2025-04-01,2025-03-29,2083.33,2083.33
P_L0686_4,L0686,2025-05-01,2025-04-30,2083.33,2083.33
P_L0686_5,L0686,2025-05-31,2025-05-30,2083.33,2083.33
P_L0687_1,L0687,2025-01-31,2025-01-30,12500.0,12500.0
P_L0687_2,L0687,2025-03-02,2025-02-27,12500.0,12500.0
P_L0687_3,L0687,2025-04-01,2025-03-28,12500.0,12500.0
P_L0688_1,L0688,2025-01-31,2025-03-05,833.33,833.33
P_L0688_2,L0688,2025-03-02,2025-03-19,833.33,833.33
P_L0688_3,L0688,2025-04-01,2025-03-31,833.33,833.33
P_L0688_4,L0688,2025-05-01,2025-04-30,833.33,833.33
P_L0688_5,L0688,2025-05-31,2025-08-23,833.33,833.33
P_L0689_1,L0689,2025-01-31,2025-03-27,833.33,833.33
P_L0689_2,L0689,2025-03-02,2025-03-24,833.33,833.33
P_L0689_3,L0689,2025-04-01,2025-07-17,833.33,833.33
P_L0689_4,L0689,2025-05-01,2025-05-09,833.33,833.33
P_L0689_5,L0689,2025-05-31,2025-07-10,833.33,833.33
P_L0690_1,L0690,2025-01-31,2025-01-31,12500.0,12500.0
P_L0690_2,L0690,2025-03-02,2025-02-27,12500.0,12500.0
P_L0690_3,L0690,2025-04-01,2025-03-28,12500.0,12500.0
P_L0690_4,L0690,2025-05-01,2025-04-28,12500.0,12500.0
P_L0690_5,L0690,2025-05-31,2025-05-27,12500.0,12500.0
P_L0691_1,L0691,2025-01-31,2025-01-27,833.33,833.33
P_L0691_2,L0691,2025-03-02,2025-03-15,833.33,833.33
P_L0691_3,L0691,2025-04-01,2025-04-01,833.33,833.33
P_L0692_1,L0692,2025-01-31,2025-01-30,833.33,833.33
P_L0692_2,L0692,2025-03-02,2025-03-02,833.33,833.33
P_L0692_3,L0692,2025-04-01,2025-03-29,833.33,833.33
P_L0692_4,L0692,2025-05-01,2025-05-01,833.33,833.33
P_L0692_5,L0692,2025-05-31,2025-06-11,833.33,833.33
P_L0693_1,L0693,2025-01-31,2025-01-27,833.33,833.33
P_L0693_2,L0693,2025-03-02,2025-03-02,833.33,833.33
P_L0693_3,L0693,2025-04-01,2025-03-29,833.33,833.33
P_L0693_4,L0693,2025-05-01,2025-04-28,833.33,833.33
P_L0694_1,L0694,2025-01-31,2025-01-28,8333.33,8333.33
P_L0694_2,L0694,2025-03-02,2025-02-28,8333.33,8333.33
P_L0694_3,L0694,2025-04-01,2025-03-29,8333.33,8333.33
P_L0694_4,L0694,2025-05-01,2025-04-27,8333.33,8333.33
P_L0694_5,L0694,2025-05-31,2025-05-31,8333.33,8333.33
P_L0694_6,L0694,2025-06-30,2025-06-28,8333.33,8333.33
P_L0695_1,L0695,2025-01-31,2025-01-29,8333.33,8333.33
P_L0695_2,L0695,2025-03-02,2025-03-01,8333.33,8333.33
P_L0695_3,L0695,2025-04-01,2025-03-31,8333.33,8333.33
P_L0695_4,L0695,2025-05-01,2025-05-01,8333.33,8333.33
P_L0695_5,L0695,2025-05-31,2025-05-27,8333.33,8333.33
P_L0696_1,L0696,2025-01-31,2025-01-31,4166.67,4166.67
P_L0696_2,L0696,2025-03-02,2025-03-02,4166.67,4166.67
P_L0696_3,L0696,2025-04-01,2025-03-28,4166.67,4166.67
P_L0696_4,L0696,2025-05-01,2025-04-28,4166.67,4166.67
P_L0696_5,L0696,2025-05-31,2025-05-31,4166.67,4166.67
P_L0697_1,L0697,2025-01-31,2025-01-27,2083.33,2083.33
P_L0697_2,L0697,2025-03-02,2025-02-28,2083.33,2083.33
P_L0697_3,L0697,2025-04-01,2025-03-28,2083.33,2083.33
P_L0697_4,L0697,2025-05-01,2025-04-27,2083.33,2083.33
P_L0697_5,L0697,2025-05-31,2025-05-29,2083.33,2083.33
P_L0697_6,L0697,2025-06-30,2025-07-13,2083.33,2083.33
P_L0698_1,L0698,2025-01-31,2025-01-29,12500.0,6622.59
P_L0698_2,L0698,2025-03-02,2025-02-28,12500.0,12500.0
P_L0698_3,L0698,2025-04-01,2025-06-26,12500.0,6335.41
P_L0698_4,L0698,2025-05-01,2025-05-01,12500.0,12500.0
P_L0698_5,L0698,2025-05-31,2025-06-27,12500.0,12500.0
P_L0698_6,L0698,2025-06-30,2025-10-14,12500.0,12500.0
P_L0699_1,L0699,2025-01-31,2025-01-27,12500.0,12500.0
P_L0699_2,L0699,2025-03-02,2025-03-02,12500.0,12500.0
P_L0699_3,L0699,2025-04-01,2025-03-28,12500.0,12500.0
P_L0699_4,L0699,2025-05-01,2025-04-28,12500.0,12500.0
P_L0699_5,L0699,2025-05-31,2025-07-14,12500.0,12500.0
P_L0699_6,L0699,2025-06-30,2025-06-30,12500.0,12500.0
P_L0700_1,L0700,2025-01-31,2025-03-14,12500.0,12500.0
P_L0700_2,L0700,2025-03-02,2025-03-01,12500.0,12500.0
P_L0700_3,L0700,2025-04-01,2025-07-18,12500.0,12500.0
P_L0700_4,L0700,2025-05-01,2025-08-11,12500.0,12500.0
P_L0700_5,L0700,2025-05-31,2025-08-08,12500.0,12500.0
P_L0701_1,L0701,2025-01-31,2025-01-30,4166.67,4166.67
P_L0701_2,L0701,2025-03-02,2025-02-28,4166.67,4166.67
P_L0701_3,L0701,2025-04-01,2025-04-01,4166.67,4166.67
P_L0701_4,L0701,2025-05-01,2025-04-28,4166.67,4166.67
P_L0701_5,L0701,2025-05-31,2025-05-28,4166.67,4166.67
P_L0701_6,L0701,2025-06-30,2025-06-30,4166.67,4166.67
P_L0702_1,L0702,2025-01-31,2025-01-29,8333.33,8333.33
P_L0702_2,L0702,2025-03-02,2025-02-26,8333.33,8333.33
P_L0702_3,L0702,2025-04-01,2025-03-30,8333.33,8333.33
P_L0702_4,L0702,2025-05-01,2025-05-01,8333.33,8333.33
P_L0703_1,L0703,2025-01-31,2025-01-28,4166.67,4166.67
P_L0703_2,L0703,2025-03-02,2025-03-01,4166.67,4166.67
P_L0703_3,L0703,2025-04-01,2025-04-01,4166.67,4166.67
P_L0703_4,L0703,2025-05-01,2025-04-29,4166.67,4166.67
P_L0703_5,L0703,2025-05-31,2025-07-04,4166.67,4166.67
P_L0704_1,L0704,2025-01-31,2025-01-28,12500.0,12500.0
P_L0704_2,L0704,2025-03-02,2025-02-28,12500.0,12500.0
P_L0704_3,L0704,2025-04-01,2025-03-29,12500.0,12500.0
P_L0705_1,L0705,2025-01-31,2025-01-28,2083.33,2083.33
P_L0705_2,L0705,2025-03-02,2025-02-28,2083.33,2083.33
P_L0705_3,L0705,2025-04-01,2025-03-31,2083.33,2083.33
P_L0705_4,L0705,2025-05-01,2025-04-29,2083.33,2083.33
P_L0705_5,L0705,2025-05-31,2025-05-30,2083.33,2083.33
P_L0705_6,L0705,2025-06-30,2025-06-30,2083.33,2083.33
P_L0706_1,L0706,2025-01-31,2025-01-28,833.33,833.33
P_L0706_2,L0706,2025-03-02,2025-03-21,833.33,833.33
P_L0706_3,L0706,2025-04-01,2025-03-28,833.33,833.33
P_L0706_4,L0706,2025-05-01,2025-04-29,833.33,833.33
P_L0706_5,L0706,2025-05-31,2025-05-30,833.33,833.33
P_L0706_6,L0706,2025-06-30,2025-06-28,833.33,833.33
P_L0707_1,L0707,2025-01-31,2025-01-31,8333.33,8333.33
P_L0707_2,L0707,2025-03-02,2025-03-01,8333.33,8333.33
P_L0707_3,L0707,2025-04-01,2025-04-01,8333.33,8333.33
P_L0707_4,L0707,2025-05-01,2025-04-27,8333.33,8333.33
P_L0707_5,L0707,2025-05-31,2025-05-31,8333.33,8333.33
P_L0708_1,L0708,2025-01-31,2025-01-31,8333.33,8333.33
P_L0708_2,L0708,2025-03-02,2025-03-02,8333.33,8333.33
P_L0708_3,L0708,2025-04-01,2025-03-30,8333.33,8333.33
P_L0708_4,L0708,2025-05-01,2025-06-05,8333.33,8333.33
P_L0708_5,L0708,2025-05-31,2025-05-28,8333.33,8333.33
P_L0709_1,L0709,2025-01-31,2025-01-29,4166.67,4166.67
P_L0709_2,L0709,2025-03-02,2025-03-02,4166.67,4166.67
P_L0709_3,L0709,2025-04-01,2025-03-30,4166.67,4166.67
P_L0709_4,L0709,2025-05-01,2025-04-27,4166.67,4166.67
P_L0709_5,L0709,2025-05-31,2025-05-31,4166.67,4166.67
P_L0709_6,L0709,2025-06-30,2025-06-27,4166.67,4166.67
P_L0710_1,L0710,2025-01-31,2025-02-16,8333.33,8333.33
P_L0710_2,L0710,2025-03-02,2025-02-26,8333.33,5980.18
P_L0710_3,L0710,2025-04-01,2025-06-17,8333.33,8333.33
P_L0710_4,L0710,2025-05-01,2025-07-15,8333.33,8333.33
P_L0710_5,L0710,2025-05-31,2025-08-10,8333.33,8333.33
P_L0711_1,L0711,2025-01-31,2025-01-27,12500.0,12500.0
P_L0711_2,L0711,2025-03-02,2025-05-07,12500.0,12500.0
P_L0711_3,L0711,2025-04-01,2025-03-31,12500.0,12500.0
P_L0711_4,L0711,2025-05-01,2025-05-01,12500.0,12500.0
P_L0711_5,L0711,2025-05-31,2025-05-28,12500.0,12500.0
P_L0712_1,L0712,2025-01-31,2025-01-31,12500.0,12500.0
P_L0712_2,L0712,2025-03-02,2025-03-02,12500.0,12500.0
P_L0712_3,L0712,2025-04-01,2025-03-31,12500.0,12500.0
P_L0712_4,L0712,2025-05-01,2025-04-29,12500.0,12500.0
P_L0713_1,L0713,2025-01-31,2025-01-27,4166.67,4166.67
P_L0713_2,L0713,2025-03-02,2025-02-27,4166.67,4166.67
P_L0713_3,L0713,2025-04-01,2025-04-01,4166.67,4166.67
P_L0714_1,L0714,2025-01-31,2025-02-17,12500.0,12500.0
P_L0714_2,L0714,2025-03-02,2025-06-03,12500.0,12500.0
P_L0714_3,L0714,2025-04-01,2025-04-27,12500.0,12500.0
P_L0714_4,L0714,2025-05-01,2025-07-26,12500.0,12500.0
P_L0715_1,L0715,2025-01-31,2025-04-27,2083.33,2083.33
P_L0715_2,L0715,2025-03-02,2025-04-07,2083.33,2083.33
P_L0715_3,L0715,2025-04-01,2025-03-28,2083.33,2083.33
P_L0716_1,L0716,2025-01-31,2025-01-31,4166.67,4166.67
P_L0716_2,L0716,2025-03-02,2025-02-27,4166.67,4166.67
P_L0716_3,L0716,2025-04-01,2025-03-29,4166.67,4166.67
P_L0717_1,L0717,2025-01-31,2025-02-16,2083.33,2083.33
P_L0717_2,L0717,2025-03-02,2025-03-31,2083.33,2083.33
P_L0717_3,L0717,2025-04-01,2025-06-29,2083.33,2083.33
P_L0718_1,L0718,2025-01-31,2025-01-28,833.33,833.33
P_L0718_2,L0718,2025-03-02,2025-03-02,833.33,833.33
P_L0718_3,L0718,2025-04-01,2025-04-01,833.33,833.33
P_L0718_4,L0718,2025-05-01,2025-04-27,833.33,833.33
P_L0719_1,L0719,2025-01-31,2025-04-19,2083.33,2083.33
P_L0719_2,L0719,2025-03-02,2025-05-04,2083.33,2083.33
P_L0719_3,L0719,2025-04-01,2025-06-03,2083.33,887.5
P_L0719_4,L0719,2025-05-01,2025-05-01,2083.33,2083.33
P_L0719_5,L0719,2025-05-31,2025-05-28,2083.33,1166.81
P_L0720_1,L0720,2025-01-31,2025-05-18,833.33,833.33
P_L0720_2,L0720,2025-03-02,2025-02-27,833.33,833.33
P_L0720_3,L0720,2025-04-01,2025-03-31,833.33,833.33
P_L0720_4,L0720,2025-05-01,2025-07-05,833.33,553.54
P_L0721_1,L0721,2025-01-31,2025-01-30,833.33,833.33
P_L0721_2,L0721,2025-03-02,2025-02-26,833.33,833.33
P_L0721_3,L0721,2025-04-01,2025-03-30,833.33,833.33
P_L0721_4,L0721,2025-05-01,2025-04-28,833.33,833.33
P_L0721_5,L0721,2025-05-31,2025-05-30,833.33,833.33
P_L0721_6,L0721,2025-06-30,2025-06-28,833.33,833.33
P_L0722_1,L0722,2025-01-31,2025-01-29,2083.33,2083.33
P_L0722_2,L0722,2025-03-02,2025-03-02,2083.33,2083.33
P_L0722_3,L0722,2025-04-01,2025-04-01,2083.33,2083.33
P_L0722_4,L0722,2025-05-01,2025-05-01,2083.33,2083.33
P_L0722_5,L0722,2025-05-31,2025-05-27,2083.33,2083.33
P_L0722_6,L0722,2025-06-30,2025-08-29,2083.33,2083.33
P_L0723_1,L0723,2025-01-31,2025-01-29,4166.67,4166.67
P_L0723_2,L0723,2025-03-02,2025-04-27,4166.67,2105.42
P_L0723_3,L0723,2025-04-01,2025-03-31,4166.67,3108.83
P_L0723_4,L0723,2025-05-01,2025-05-16,4166.67,4166.67
P_L0724_1,L0724,2025-01-31,2025-01-30,12500.0,12500.0
P_L0724_2,L0724,2025-03-02,2025-03-01,12500.0,12500.0
P_L0724_3,L0724,2025-04-01,2025-03-31,12500.0,12500.0
P_L0724_4,L0724,2025-05-01,2025-05-01,12500.0,12500.0
P_L0724_5,L0724,2025-05-31,2025-05-31,12500.0,12500.0
P_L0724_6,L0724,2025-06-30,2025-06-26,12500.0,12500.0
P_L0725_1,L0725,2025-01-31,2025-01-27,12500.0,12500.0
P_L0725_2,L0725,2025-03-02,2025-02-27,12500.0,12500.0
P_L0725_3,L0725,2025-04-01,2025-03-31,12500.0,12500.0
P_L0725_4,L0725,2025-05-01,2025-05-01,12500.0,12500.0
P_L0725_5,L0725,2025-05-31,2025-05-28,12500.0,12500.0
P_L0725_6,L0725,2025-06-30,2025-06-27,12500.0,12500.0
P_L0726_1,L0726,2025-01-31,2025-04-21,833.33,833.33
P_L0726_2,L0726,2025-03-02,2025-03-28,833.33,358.76
P_L0726_3,L0726,2025-04-01,2025-03-30,833.33,833.33
P_L0726_4,L0726,2025-05-01,2025-06-07,833.33,833.33
P_L0726_5,L0726,2025-05-31,2025-07-12,833.33,833.33
P_L0727_1,L0727,2025-01-31,2025-01-30,833.33,833.33
P_L0727_2,L0727,2025-03-02,2025-02-27,833.33,833.33
P_L0727_3,L0727,2025-04-01,2025-03-31,833.33,833.33
P_L0727_4,L0727,2025-05-01,2025-04-29,833.33,833.33
P_L0727_5,L0727,2025-05-31,2025-05-27,833.33,833.33
P_L0728_1,L0728,2025-01-31,2025-01-31,4166.67,4166.67
P_L0728_2,L0728,2025-03-02,2025-02-27,4166.67,4166.67
P_L0728_3,L0728,2025-04-01,2025-03-31,4166.67,4166.67
P_L0728_4,L0728,2025-05-01,2025-05-01,4166.67,4166.67
P_L0729_1,L0729,2025-01-31,2025-01-29,8333.33,8333.33
P_L0729_2,L0729,2025-03-02,2025-02-26,8333.33,8333.33
P_L0729_3,L0729,2025-04-01,2025-07-15,8333.33,8333.33
P_L0730_1,L0730,2025-01-31,2025-01-28,2083.33,2083.33
P_L0730_2,L0730,2025-03-02,2025-03-02,2083.33,2083.33
P_L0730_3,L0730,2025-04-01,2025-03-28,2083.33,2083.33
P_L0730_4,L0730,2025-05-01,2025-04-29,2083.33,2083.33
P_L0730_5,L0730,2025-05-31,2025-05-29,2083.33,2083.33
P_L0730_6,L0730,2025-06-30,2025-06-26,2083.33,2083.33
P_L0731_1,L0731,2025-01-31,2025-01-27,833.33,833.33
P_L0731_2,L0731,2025-03-02,2025-03-01,833.33,833.33
P_L0731_3,L0731,2025-04-01,2025-03-29,833.33,833.33
P_L0732_1,L0732,2025-01-31,2025-01-31,12500.0,12500.0
P_L0732_2,L0732,2025-03-02,2025-02-27,12500.0,12500.0
P_L0732_3,L0732,2025-04-01,2025-03-28,12500.0,12500.0
P_L0732_4,L0732,2025-05-01,2025-04-30,12500.0,12500.0
P_L0732_5,L0732,2025-05-31,2025-05-30,12500.0,12500.0
P_L0732_6,L0732,2025-06-30,2025-06-29,12500.0,12500.0
P_L0733_1,L0733,2025-01-31,2025-01-29,4166.67,4166.67
P_L0733_2,L0733,2025-03-02,2025-02-26,4166.67,4166.67
P_L0733_3,L0733,2025-04-01,2025-03-31,4166.67,4166.67
P_L0733_4,L0733,2025-05-01,2025-04-28,4166.67,4166.67
P_L0733_5,L0733,2025-05-31,2025-05-29,4166.67,4166.67
P_L0734_1,L0734,2025-01-31,2025-01-30,2083.33,2083.33
P_L0734_2,L0734,2025-03-02,2025-03-02,2083.33,2083.33
P_L0734_3,L0734,2025-04-01,2025-03-29,2083.33,2083.33
P_L0735_1,L0735,2025-01-31,2025-02-06,4166.67,4166.67
P_L0735_2,L0735,2025-03-02,2025-03-02,4166.67,4166.67
P_L0735_3,L0735,2025-04-01,2025-05-20,4166.67,4166.67
P_L0736_1,L0736,2025-01-31,2025-01-27,2083.33,2083.33
P_L0736_2,L0736,2025-03-02,2025-03-02,2083.33,2083.33
P_L0736_3,L0736,2025-04-01,2025-03-31,2083.33,2083.33
P_L0737_1,L0737,2025-01-31,2025-01-27,2083.33,2083.33
P_L0737_2,L0737,2025-03-02,2025-03-01,2083.33,2083.33
P_L0737_3,L0737,2025-04-01,2025-03-28,2083.33,2083.33
P_L0737_4,L0737,2025-05-01,2025-04-28,2083.33,2083.33
P_L0738_1,L0738,2025-01-31,2025-01-30,833.33,833.33
P_L0738_2,L0738,2025-03-02,2025-05-23,833.33,833.33
P_L0738_3,L0738,2025-04-01,2025-03-31,833.33,833.33
P_L0738_4,L0738,2025-05-01,2025-04-27,833.33,833.33
P_L0738_5,L0738,2025-05-31,2025-05-28,833.33,833.33
P_L0738_6,L0738,2025-06-30,2025-06-27,833.33,833.33
P_L0739_1,L0739,2025-01-31,2025-01-30,4166.67,4166.67
P_L0739_2,L0739,2025-03-02,2025-03-02,4166.67,4166.67
P_L0739_3,L0739,2025-04-01,2025-03-28,4166.67,4166.67
P_L0739_4,L0739,2025-05-01,2025-04-28,4166.67,4166.67
P_L0740_1,L0740,2025-01-31,2025-02-05,4166.67,4166.67
P_L0740_2,L0740,2025-03-02,2025-03-02,4166.67,4166.67
P_L0740_3,L0740,2025-04-01,2025-03-28,4166.67,4166.67
P_L0741_1,L0741,2025-01-31,2025-01-30,12500.0,12500.0
P_L0741_2,L0741,2025-03-02,2025-02-28,12500.0,12500.0
P_L0741_3,L0741,2025-04-01,2025-03-30,12500.0,12500.0
P_L0741_4,L0741,2025-05-01,2025-05-01,12500.0,12500.0
P_L0741_5,L0741,2025-05-31,2025-05-30,12500.0,12500.0
P_L0742_1,L0742,2025-01-31,2025-03-31,12500.0,4373.52
P_L0742_2,L0742,2025-03-02,2025-05-16,12500.0,12500.0
P_L0742_3,L0742,2025-04-01,2025-05-08,12500.0,7096.69
P_L0742_4,L0742,2025-05-01,2025-04-29,12500.0,12500.0
P_L0742_5,L0742,2025-05-31,2025-08-13,12500.0,12500.0
P_L0742_6,L0742,2025-06-30,2025-06-29,12500.0,12500.0
P_L0743_1,L0743,2025-01-31,2025-01-28,833.33,833.33
P_L0743_2,L0743,2025-03-02,2025-03-01,833.33,833.33
P_L0743_3,L0743,2025-04-01,2025-03-28,833.33,833.33
P_L0743_4,L0743,2025-05-01,2025-04-30,833.33,833.33
P_L0744_1,L0744,2025-01-31,2025-01-29,833.33,833.33
P_L0744_2,L0744,2025-03-02,2025-02-28,833.33,833.33
P_L0744_3,L0744,2025-04-01,2025-03-30,833.33,833.33
P_L0744_4,L0744,2025-05-01,2025-04-27,833.33,833.33
P_L0745_1,L0745,2025-01-31,2025-01-30,8333.33,8333.33
P_L0745_2,L0745,2025-03-02,2025-03-02,8333.33,8333.33
P_L0745_3,L0745,2025-04-01,2025-03-31,8333.33,8333.33
P_L0745_4,L0745,2025-05-01,2025-04-27,8333.33,8333.33
P_L0746_1,L0746,2025-01-31,2025-01-28,12500.0,12500.0
P_L0746_2,L0746,2025-03-02,2025-03-02,12500.0,12500.0
P_L0746_3,L0746,2025-04-01,2025-03-30,12500.0,12500.0
P_L0747_1,L0747,2025-01-31,2025-01-27,2083.33,2083.33
P_L0747_2,L0747,2025-03-02,2025-03-02,2083.33,2083.33
P_L0747_3,L0747,2025-04-01,2025-03-31,2083.33,2083.33
P_L0748_1,L0748,2025-01-31,2025-01-29,4166.67,4166.67
P_L0748_2,L0748,2025-03-02,2025-03-01,4166.67,4166.67
P_L0748_3,L0748,2025-04-01,2025-03-28,4166.67,4166.67
P_L0748_4,L0748,2025-05-01,2025-04-30,4166.67,4166.67
P_L0748_5,L0748,2025-05-31,2025-05-28,4166.67,4166.67
P_L0748_6,L0748,2025-06-30,2025-06-30,4166.67,4166.67
P_L0749_1,L0749,2025-01-31,2025-01-30,833.33,833.33
P_L0749_2,L0749,2025-03-02,2025-03-02,833.33,833.33
P_L0749_3,L0749,2025-04-01,2025-03-31,833.33,833.33
P_L0750_1,L0750,2025-01-31,2025-04-06,4166.67,4166.67
P_L0750_2,L0750,2025-03-02,2025-04-26,4166.67,4166.67
P_L0750_3,L0750,2025-04-01,2025-03-31,4166.67,4166.67
P_L0750_4,L0750,2025-05-01,2025-05-15,4166.67,4166.67
P_L0750_5,L0750,2025-05-31,2025-07-15,4166.67,4166.67
P_L0750_6,L0750,2025-06-30,2025-06-28,4166.67,4166.67
P_L0751_1,L0751,2025-01-31,2025-01-31,4166.67,4166.67
P_L0751_2,L0751,2025-03-02,2025-03-01,4166.67,4166.67
P_L0751_3,L0751,2025-04-01,2025-03-31,4166.67,4166.67
P_L0751_4,L0751,2025-05-01,2025-04-30,4166.67,4166.67
P_L0752_1,L0752,2025-01-31,2025-04-23,8333.33,8333.33
P_L0752_2,L0752,2025-03-02,2025-02-26,8333.33,8333.33
P_L0752_3,L0752,2025-04-01,2025-03-29,8333.33,8333.33
P_L0752_4,L0752,2025-05-01,2025-04-29,8333.33,8333.33
P_L0752_5,L0752,2025-05-31,2025-05-31,8333.33,8333.33
P_L0752_6,L0752,2025-06-30,2025-06-28,8333.33,8333.33
P_L0753_1,L0753,2025-01-31,2025-01-27,12500.0,12500.0
P_L0753_2,L0753,2025-03-02,2025-06-06,12500.0,12500.0
P_L0753_3,L0753,2025-04-01,2025-03-30,12500.0,12500.0
P_L0754_1,L0754,2025-01-31,2025-01-29,833.33,833.33
P_L0754_2,L0754,2025-03-02,2025-02-27,833.33,833.33
P_L0754_3,L0754,2025-04-01,2025-03-29,833.33,833.33
P_L0755_1,L0755,2025-01-31,2025-04-26,4166.67,4166.67
P_L0755_2,L0755,2025-03-02,2025-02-27,4166.67,4166.67
P_L0755_3,L0755,2025-04-01,2025-03-28,4166.67,4166.67
P_L0755_4,L0755,2025-05-01,2025-04-28,4166.67,4166.67
P_L0755_5,L0755,2025-05-31,2025-05-27,4166.67,4166.67
P_L0755_6,L0755,2025-06-30,2025-06-29,4166.67,4166.67
P_L0756_1,L0756,2025-01-31,2025-01-28,833.33,833.33
P_L0756_2,L0756,2025-03-02,2025-02-28,833.33,833.33
P_L0756_3,L0756,2025-04-01,2025-03-28,833.33,833.33
P_L0756_4,L0756,2025-05-01,2025-04-27,833.33,833.33
P_L0757_1,L0757,2025-01-31,2025-01-27,2083.33,2083.33
P_L0757_2,L0757,2025-03-02,2025-03-02,2083.33,2083.33
P_L0757_3,L0757,2025-04-01,2025-03-29,2083.33,2083.33
P_L0757_4,L0757,2025-05-01,2025-05-01,2083.33,2083.33
P_L0758_1,L0758,2025-01-31,2025-01-27,8333.33,8333.33
P_L0758_2,L0758,2025-03-02,2025-03-01,8333.33,8333.33
P_L0758_3,L0758,2025-04-01,2025-03-30,8333.33,8333.33
P_L0759_1,L0759,2025-01-31,2025-01-27,2083.33,2083.33
P_L0759_2,L0759,2025-03-02,2025-02-28,2083.33,2083.33
P_L0759_3,L0759,2025-04-01,2025-03-30,2083.33,2083.33
P_L0759_4,L0759,2025-05-01,2025-05-01,2083.33,2083.33
P_L0759_5,L0759,2025-05-31,2025-05-28,2083.33,2083.33
P_L0759_6,L0759,2025-06-30,2025-06-27,2083.33,2083.33
P_L0760_1,L0760,2025-01-31,2025-01-31,833.33,833.33
P_L0760_2,L0760,2025-03-02,2025-02-27,833.33,833.33
P_L0760_3,L0760,2025-04-01,2025-04-01,833.33,833.33
P_L0760_4,L0760,2025-05-01,2025-04-29,833.33,833.33
P_L0761_1,L0761,2025-01-31,2025-01-31,833.33,833.33
P_L0761_2,L0761,2025-03-02,2025-03-02,833.33,833.33
P_L0761_3,L0761,2025-04-01,2025-03-29,833.33,833.33
P_L0762_1,L0762,2025-01-31,2025-01-31,12500.0,12500.0
P_L0762_2,L0762,2025-03-02,2025-02-26,12500.0,12500.0
P_L0762_3,L0762,2025-04-01,2025-04-01,12500.0,12500.0
P_L0763_1,L0763,2025-01-31,2025-01-27,4166.67,4166.67
P_L0763_2,L0763,2025-03-02,2025-03-02,4166.67,4166.67
P_L0763_3,L0763,2025-04-01,2025-03-29,4166.67,4166.67
P_L0763_4,L0763,2025-05-01,2025-05-01,4166.67,4166.67
P_L0763_5,L0763,2025-05-31,2025-05-30,4166.67,4166.67
P_L0763_6,L0763,2025-06-30,2025-06-30,4166.67,4166.67
P_L0764_1,L0764,2025-01-31,2025-01-29,4166.67,4166.67
P_L0764_2,L0764,2025-03-02,2025-03-02,4166.67,4166.67
P_L0764_3,L0764,2025-04-01,2025-07-11,4166.67,2658.11
P_L0764_4,L0764,2025-05-01,2025-07-13,4166.67,4166.67
P_L0764_5,L0764,2025-05-31,2025-06-02,4166.67,4166.67
P_L0765_1,L0765,2025-01-31,2025-01-31,2083.33,2083.33
P_L0765_2,L0765,2025-03-02,2025-02-28,2083.33,2083.33
P_L0765_3,L0765,2025-04-01,2025-03-29,2083.33,2083.33
P_L0765_4,L0765,2025-05-01,2025-04-28,2083.33,2083.33
P_L0765_5,L0765,2025-05-31,2025-05-29,2083.33,2083.33
P_L0766_1,L0766,2025-01-31,2025-01-27,8333.33,8333.33
P_L0766_2,L0766,2025-03-02,2025-04-15,8333.33,8333.33
P_L0766_3,L0766,2025-04-01,2025-04-01,8333.33,8333.33
P_L0767_1,L0767,2025-01-31,2025-01-31,4166.67,4166.67
P_L0767_2,L0767,2025-03-02,2025-02-27,4166.67,4166.67
P_L0767_3,L0767,2025-04-01,2025-03-28,4166.67,4166.67
P_L0767_4,L0767,2025-05-01,2025-04-28,4166.67,4166.67
P_L0767_5,L0767,2025-05-31,2025-05-28,4166.67,4166.67
P_L0767_6,L0767,2025-06-30,2025-06-27,4166.67,4166.67
P_L0768_1,L0768,2025-01-31,2025-01-31,12500.0,12500.0
P_L0768_2,L0768,2025-03-02,2025-03-02,12500.0,12500.0
P_L0768_3,L0768,2025-04-01,2025-04-01,12500.0,12500.0
P_L0769_1,L0769,2025-01-31,2025-01-31,2083.33,2083.33
P_L0769_2,L0769,2025-03-02,2025-03-02,2083.33,2083.33
P_L0769_3,L0769,2025-04-01,2025-03-28,2083.33,2083.33
P_L0769_4,L0769,2025-05-01,2025-04-29,2083.33,2083.33
P_L0769_5,L0769,2025-05-31,2025-05-31,2083.33,2083.33
P_L0770_1,L0770,2025-01-31,2025-01-31,2083.33,2083.33
P_L0770_2,L0770,2025-03-02,2025-03-02,2083.33,2083.33
P_L0770_3,L0770,2025-04-01,2025-04-01,2083.33,2083.33
P_L0770_4,L0770,2025-05-01,2025-04-30,2083.33,2083.33
P_L0771_1,L0771,2025-01-31,2025-01-27,12500.0,12500.0
P_L0771_2,L0771,2025-03-02,2025-02-28,12500.0,12500.0
P_L0771_3,L0771,2025-04-01,2025-03-31,12500.0,12500.0
P_L0771_4,L0771,2025-05-01,2025-04-29,12500.0,12500.0
P_L0771_5,L0771,2025-05-31,2025-05-28,12500.0,12500.0
P_L0772_1,L0772,2025-01-31,2025-01-27,8333.33,8333.33
P_L0772_2,L0772,2025-03-02,2025-05-04,8333.33,8333.33
P_L0772_3,L0772,2025-04-01,2025-04-01,8333.33,3574.21
P_L0772_4,L0772,2025-05-01,2025-05-14,8333.33,8333.33
P_L0772_5,L0772,2025-05-31,2025-05-27,8333.33,8333.33
P_L0773_1,L0773,2025-01-31,2025-01-30,12500.0,12500.0
P_L0773_2,L0773,2025-03-02,2025-05-01,12500.0,12500.0
P_L0773_3,L0773,2025-04-01,2025-03-29,12500.0,12500.0
P_L0773_4,L0773,2025-05-01,2025-04-28,12500.0,12500.0
P_L0773_5,L0773,2025-05-31,2025-05-27,12500.0,12500.0
P_L0774_1,L0774,2025-01-31,2025-01-31,8333.33,8333.33
P_L0774_2,L0774,2025-03-02,2025-05-19,8333.33,8333.33
P_L0774_3,L0774,2025-04-01,2025-03-29,8333.33,8333.33
P_L0774_4,L0774,2025-05-01,2025-08-14,8333.33,6172.86
P_L0775_1,L0775,2025-01-31,2025-01-27,12500.0,12500.0
P_L0775_2,L0775,2025-03-02,2025-03-01,12500.0,12500.0
P_L0775_3,L0775,2025-04-01,2025-03-28,12500.0,12500.0
P_L0775_4,L0775,2025-05-01,2025-04-28,12500.0,12500.0
P_L0775_5,L0775,2025-05-31,2025-05-31,12500.0,12500.0
P_L0776_1,L0776,2025-01-31,2025-01-28,12500.0,12500.0
P_L0776_2,L0776,2025-03-02,2025-06-19,12500.0,12500.0
P_L0776_3,L0776,2025-04-01,2025-05-15,12500.0,12500.0
P_L0776_4,L0776,2025-05-01,2025-04-29,12500.0,12500.0
P_L0776_5,L0776,2025-05-31,2025-05-31,12500.0,12500.0
P_L0777_1,L0777,2025-01-31,2025-03-29,833.33,833.33
P_L0777_2,L0777,2025-03-02,2025-02-28,833.33,833.33
P_L0777_3,L0777,2025-04-01,2025-03-31,833.33,833.33
P_L0777_4,L0777,2025-05-01,2025-04-30,833.33,833.33
P_L0777_5,L0777,2025-05-31,2025-05-27,833.33,833.33
P_L0777_6,L0777,2025-06-30,2025-06-30,833.33,833.33
P_L0778_1,L0778,2025-01-31,2025-01-29,2083.33,2083.33
P_L0778_2,L0778,2025-03-02,2025-05-05,2083.33,2083.33
P_L0778_3,L0778,2025-04-01,2025-03-31,2083.33,2083.33
P_L0779_1,L0779,2025-01-31,2025-01-27,12500.0,12500.0
P_L0779_2,L0779,2025-03-02,2025-02-27,12500.0,12500.0
P_L0779_3,L0779,2025-04-01,2025-03-29,12500.0,12500.0
P_L0779_4,L0779,2025-05-01,2025-04-30,12500.0,12500.0
P_L0779_5,L0779,2025-05-31,2025-05-29,12500.0,12500.0
P_L0779_6,L0779,2025-06-30,2025-06-27,12500.0,12500.0
P_L0780_1,L0780,2025-01-31,2025-01-30,12500.0,12500.0
P_L0780_2,L0780,2025-03-02,2025-05-23,12500.0,12500.0
P_L0780_3,L0780,2025-04-01,2025-03-30,12500.0,12500.0
P_L0781_1,L0781,2025-01-31,2025-01-27,4166.67,4166.67
P_L0781_2,L0781,2025-03-02,2025-02-27,4166.67,4166.67
P_L0781_3,L0781,2025-04-01,2025-03-28,4166.67,4166.67
P_L0782_1,L0782,2025-01-31,2025-01-29,2083.33,2083.33
P_L0782_2,L0782,2025-03-02,2025-02-28,2083.33,2083.33
P_L0782_3,L0782,2025-04-01,2025-03-31,2083.33,2083.33
P_L0783_1,L0783,2025-01-31,2025-01-30,4166.67,4166.67
P_L0783_2,L0783,2025-03-02,2025-03-01,4166.67,4166.67
P_L0783_3,L0783,2025-04-01,2025-03-29,4166.67,4166.67
P_L0784_1,L0784,2025-01-31,2025-05-04,2083.33,2083.33
P_L0784_2,L0784,2025-03-02,2025-05-08,2083.33,2083.33
P_L0784_3,L0784,2025-04-01,2025-05-20,2083.33,1577.63
P_L0784_4,L0784,2025-05-01,2025-05-19,2083.33,2083.33
P_L0784_5,L0784,2025-05-31,2025-09-11,2083.33,2083.33
P_L0784_6,L0784,2025-06-30,2025-08-06,2083.33,2083.33
P_L0785_1,L0785,2025-01-31,2025-01-29,4166.67,4166.67
P_L0785_2,L0785,2025-03-02,2025-03-01,4166.67,4166.67
P_L0785_3,L0785,2025-04-01,2025-04-01,4166.67,4166.67
P_L0785_4,L0785,2025-05-01,2025-04-27,4166.67,4166.67
P_L0785_5,L0785,2025-05-31,2025-05-29,4166.67,4166.67
P_L0785_6,L0785,2025-06-30,2025-06-29,4166.67,4166.67
P_L0786_1,L0786,2025-01-31,2025-01-31,12500.0,12500.0
P_L0786_2,L0786,2025-03-02,2025-02-26,12500.0,12500.0
P_L0786_3,L0786,2025-04-01,2025-04-01,12500.0,12500.0
P_L0786_4,L0786,2025-05-01,2025-04-29,12500.0,12500.0
P_L0786_5,L0786,2025-05-31,2025-06-17,12500.0,12500.0
P_L0787_1,L0787,2025-01-31,2025-03-19,12500.0,12500.0
P_L0787_2,L0787,2025-03-02,2025-03-13,12500.0,12500.0
P_L0787_3,L0787,2025-04-01,2025-03-29,12500.0,12500.0
P_L0787_4,L0787,2025-05-01,2025-04-28,12500.0,12500.0
P_L0787_5,L0787,2025-05-31,2025-07-13,12500.0,6514.96
P_L0787_6,L0787,2025-06-30,2025-09-11,12500.0,12500.0
P_L0788_1,L0788,2025-01-31,2025-01-29,833.33,833.33
P_L0788_2,L0788,2025-03-02,2025-03-01,833.33,833.33
P_L0788_3,L0788,2025-04-01,2025-03-31,833.33,833.33
P_L0788_4,L0788,2025-05-01,2025-04-28,833.33,833.33
P_L0788_5,L0788,2025-05-31,2025-05-29,833.33,833.33
P_L0788_6,L0788,2025-06-30,2025-06-28,833.33,833.33
P_L0789_1,L0789,2025-01-31,2025-01-30,4166.67,4166.67
P_L0789_2,L0789,2025-03-02,2025-02-27,4166.67,4166.67
P_L0789_3,L0789,2025-04-01,2025-04-01,4166.67,4166.67
P_L0789_4,L0789,2025-05-01,2025-04-29,4166.67,4166.67
P_L0789_5,L0789,2025-05-31,2025-05-31,4166.67,4166.67
P_L0790_1,L0790,2025-01-31,2025-01-30,8333.33,8333.33
P_L0790_2,L0790,2025-03-02,2025-02-26,8333.33,8333.33
P_L0790_3,L0790,2025-04-01,2025-03-30,8333.33,8333.33
P_L0790_4,L0790,2025-05-01,2025-04-27,8333.33,8333.33
P_L0790_5,L0790,2025-05-31,2025-05-27,8333.33,8333.33
P_L0790_6,L0790,2025-06-30,2025-06-29,8333.33,8333.33
P_L0791_1,L0791,2025-01-31,2025-03-19,833.33,833.33
P_L0791_2,L0791,2025-03-02,2025-04-03,833.33,833.33
P_L0791_3,L0791,2025-04-01,2025-05-19,833.33,524.94
P_L0791_4,L0791,2025-05-01,2025-05-14,833.33,833.33
P_L0791_5,L0791,2025-05-31,2025-07-08,833.33,293.57
P_L0791_6,L0791,2025-06-30,2025-06-26,833.33,460.03
P_L0792_1,L0792,2025-01-31,2025-01-31,4166.67,4166.67
P_L0792_2,L0792,2025-03-02,2025-03-02,4166.67,4166.67
P_L0792_3,L0792,2025-04-01,2025-04-01,4166.67,4166.67
P_L0793_1,L0793,2025-01-31,2025-01-30,4166.67,4166.67
P_L0793_2,L0793,2025-03-02,2025-03-02,4166.67,4166.67
P_L0793_3,L0793,2025-04-01,2025-03-30,4166.67,4166.67
P_L0794_1,L0794,2025-01-31,2025-01-31,833.33,833.33
P_L0794_2,L0794,2025-03-02,2025-05-01,833.33,833.33
P_L0794_3,L0794,2025-04-01,2025-03-28,833.33,833.33
P_L0795_1,L0795,2025-01-31,2025-01-28,12500.0,12500.0
P_L0795_2,L0795,2025-03-02,2025-02-28,12500.0,12500.0
P_L0795_3,L0795,2025-04-01,2025-03-31,12500.0,12500.0
P_L0796_1,L0796,2025-01-31,2025-01-27,4166.67,4166.67
P_L0796_2,L0796,2025-03-02,2025-03-02,4166.67,4166.67
P_L0796_3,L0796,2025-04-01,2025-03-29,4166.67,4166.67
P_L0796_4,L0796,2025-05-01,2025-04-27,4166.67,4166.67
P_L0796_5,L0796,2025-05-31,2025-05-30,4166.67,4166.67
P_L0796_6,L0796,2025-06-30,2025-06-30,4166.67,4166.67
P_L0797_1,L0797,2025-01-31,2025-01-31,12500.0,12500.0
P_L0797_2,L0797,2025-03-02,2025-02-28,12500.0,12500.0
P_L0797_3,L0797,2025-04-01,2025-03-31,12500.0,12500.0
P_L0797_4,L0797,2025-05-01,2025-04-29,12500.0,12500.0
P_L0798_1,L0798,2025-01-31,2025-01-31,833.33,833.33
P_L0798_2,L0798,2025-03-02,2025-06-09,833.33,833.33
P_L0798_3,L0798,2025-04-01,2025-03-28,833.33,833.33
P_L0798_4,L0798,2025-05-01,2025-05-08,833.33,833.33
P_L0798_5,L0798,2025-05-31,2025-05-28,833.33,833.33
P_L0798_6,L0798,2025-06-30,2025-06-28,833.33,833.33
P_L0799_1,L0799,2025-01-31,2025-01-31,12500.0,12500.0
P_L0799_2,L0799,2025-03-02,2025-02-28,12500.0,12500.0
P_L0799_3,L0799,2025-04-01,2025-03-28,12500.0,12500.0
P_L0799_4,L0799,2025-05-01,2025-04-29,12500.0,12500.0
P_L0799_5,L0799,2025-05-31,2025-05-31,12500.0,12500.0
P_L0799_6,L0799,2025-06-30,2025-09-18,12500.0,12500.0
P_L0800_1,L0800,2025-01-31,2025-01-31,2083.33,2083.33
P_L0800_2,L0800,2025-03-02,2025-02-26,2083.33,2083.33
P_L0800_3,L0800,2025-04-01,2025-03-29,2083.33,2083.33
P_L0800_4,L0800,2025-05-01,2025-04-27,2083.33,1387.16
P_L0800_5,L0800,2025-05-31,2025-06-09,2083.33,2083.33
P_L0800_6,L0800,2025-06-30,2025-07-16,2083.33,2083.33
P_L0801_1,L0801,2025-01-31,2025-01-29,8333.33,8333.33
P_L0801_2,L0801,2025-03-02,2025-02-26,8333.33,8333.33
P_L0801_3,L0801,2025-04-01,2025-03-30,8333.33,8333.33
P_L0801_4,L0801,2025-05-01,2025-04-27,8333.33,8333.33
P_L0802_1,L0802,2025-01-31,2025-01-29,4166.67,4166.67
P_L0802_2,L0802,2025-03-02,2025-03-01,4166.67,4166.67
P_L0802_3,L0802,2025-04-01,2025-03-31,4166.67,4166.67
P_L0802_4,L0802,2025-05-01,2025-04-29,4166.67,4166.67
P_L0802_5,L0802,2025-05-31,2025-05-29,4166.67,4166.67
P_L0803_1,L0803,2025-01-31,2025-01-27,8333.33,8333.33
P_L0803_2,L0803,2025-03-02,2025-02-27,8333.33,8333.33
P_L0803_3,L0803,2025-04-01,2025-03-30,8333.33,8333.33
P_L0804_1,L0804,2025-01-31,2025-01-29,12500.0,12500.0
P_L0804_2,L0804,2025-03-02,2025-03-01,12500.0,12500.0
P_L0804_3,L0804,2025-04-01,2025-03-29,12500.0,12500.0
P_L0805_1,L0805,2025-01-31,2025-04-10,4166.67,4166.67
P_L0805_2,L0805,2025-03-02,2025-02-28,4166.67,4166.67
P_L0805_3,L0805,2025-04-01,2025-04-18,4166.67,2153.71
P_L0805_4,L0805,2025-05-01,2025-05-02,4166.67,4166.67
P_L0805_5,L0805,2025-05-31,2025-08-21,4166.67,4166.67
P_L0806_1,L0806,2025-01-31,2025-01-28,12500.0,12500.0
P_L0806_2,L0806,2025-03-02,2025-02-26,12500.0,12500.0
P_L0806_3,L0806,2025-04-01,2025-03-29,12500.0,12500.0
P_L0806_4,L0806,2025-05-01,2025-04-29,12500.0,12500.0
P_L0806_5,L0806,2025-05-31,2025-05-31,12500.0,12500.0
P_L0807_1,L0807,2025-01-31,2025-01-30,2083.33,2083.33
P_L0807_2,L0807,2025-03-02,2025-03-01,2083.33,2083.33
P_L0807_3,L0807,2025-04-01,2025-03-28,2083.33,2083.33
P_L0807_4,L0807,2025-05-01,2025-04-29,2083.33,2083.33
P_L0807_5,L0807,2025-05-31,2025-06-03,2083.33,2083.33
P_L0807_6,L0807,2025-06-30,2025-06-28,2083.33,2083.33
P_L0808_1,L0808,2025-01-31,2025-05-11,833.33,833.33
P_L0808_2,L0808,2025-03-02,2025-03-01,833.33,833.33
P_L0808_3,L0808,2025-04-01,2025-04-01,833.33,833.33
P_L0809_1,L0809,2025-01-31,2025-01-31,4166.67,4166.67
P_L0809_2,L0809,2025-03-02,2025-02-28,4166.67,4166.67
P_L0809_3,L0809,2025-04-01,2025-04-01,4166.67,4166.67
P_L0809_4,L0809,2025-05-01,2025-04-27,4166.67,4166.67
P_L0810_1,L0810,2025-01-31,2025-04-26,2083.33,2083.33
P_L0810_2,L0810,2025-03-02,2025-03-01,2083.33,2083.33
P_L0810_3,L0810,2025-04-01,2025-03-30,2083.33,2083.33
P_L0811_1,L0811,2025-01-31,2025-01-28,2083.33,2083.33
P_L0811_2,L0811,2025-03-02,2025-02-27,2083.33,2083.33
P_L0811_3,L0811,2025-04-01,2025-03-30,2083.33,2083.33
P_L0812_1,L0812,2025-01-31,2025-01-31,4166.67,4166.67
P_L0812_2,L0812,2025-03-02,2025-02-27,4166.67,4166.67
P_L0812_3,L0812,2025-04-01,2025-03-28,4166.67,4166.67
P_L0812_4,L0812,2025-05-01,2025-04-28,4166.67,4166.67
P_L0813_1,L0813,2025-01-31,2025-01-31,12500.0,5851.0
P_L0813_2,L0813,2025-03-02,2025-04-02,12500.0,12500.0
P_L0813_3,L0813,2025-04-01,2025-06-17,12500.0,12500.0
P_L0813_4,L0813,2025-05-01,2025-06-11,12500.0,12500.0
P_L0813_5,L0813,2025-05-31,2025-07-22,12500.0,6496.66
P_L0814_1,L0814,2025-01-31,2025-01-27,2083.33,2083.33
P_L0814_2,L0814,2025-03-02,2025-03-02,2083.33,2083.33
P_L0814_3,L0814,2025-04-01,2025-03-30,2083.33,2083.33
P_L0814_4,L0814,2025-05-01,2025-04-27,2083.33,2083.33
P_L0814_5,L0814,2025-05-31,2025-05-28,2083.33,2083.33
P_L0815_1,L0815,2025-01-31,2025-01-27,8333.33,8333.33
P_L0815_2,L0815,2025-03-02,2025-05-10,8333.33,8333.33
P_L0815_3,L0815,2025-04-01,2025-03-28,8333.33,8333.33
P_L0815_4,L0815,2025-05-01,2025-04-28,8333.33,8333.33
P_L0816_1,L0816,2025-01-31,2025-01-31,2083.33,2083.33
P_L0816_2,L0816,2025-03-02,2025-03-01,2083.33,2083.33
P_L0816_3,L0816,2025-04-01,2025-04-01,2083.33,2083.33
P_L0816_4,L0816,2025-05-01,2025-04-30,2083.33,2083.33
P_L0816_5,L0816,2025-05-31,2025-05-28,2083.33,2083.33
P_L0816_6,L0816,2025-06-30,2025-06-26,2083.33,2083.33
P_L0817_1,L0817,2025-01-31,2025-01-30,12500.0,12500.0
P_L0817_2,L0817,2025-03-02,2025-02-27,12500.0,12500.0
P_L0817_3,L0817,2025-04-01,2025-04-01,12500.0,12500.0
P_L0817_4,L0817,2025-05-01,2025-04-29,12500.0,12500.0
P_L0817_5,L0817,2025-05-31,2025-05-30,12500.0,12500.0
P_L0818_1,L0818,2025-01-31,2025-01-30,12500.0,12500.0
P_L0818_2,L0818,2025-03-02,2025-02-28,12500.0,12500.0
P_L0818_3,L0818,2025-04-01,2025-03-31,12500.0,12500.0
P_L0819_1,L0819,2025-01-31,2025-01-30,8333.33,8333.33
P_L0819_2,L0819,2025-03-02,2025-02-26,8333.33,8333.33
P_L0819_3,L0819,2025-04-01,2025-05-18,8333.33,8333.33
P_L0819_4,L0819,2025-05-01,2025-06-03,8333.33,8333.33
P_L0819_5,L0819,2025-05-31,2025-05-27,8333.33,8333.33
P_L0819_6,L0819,2025-06-30,2025-06-27,8333.33,8333.33
P_L0820_1,L0820,2025-01-31,2025-01-31,2083.33,2083.33
P_L0820_2,L0820,2025-03-02,2025-03-02,2083.33,2083.33
P_L0820_3,L0820,2025-04-01,2025-03-29,2083.33,2083.33
P_L0820_4,L0820,2025-05-01,2025-04-30,2083.33,2083.33
P_L0820_5,L0820,2025-05-31,2025-05-31,2083.33,2083.33
P_L0820_6,L0820,2025-06-30,2025-06-27,2083.33,2083.33
P_L0821_1,L0821,2025-01-31,2025-04-28,12500.0,12500.0
P_L0821_2,L0821,2025-03-02,2025-06-10,12500.0,12500.0
P_L0821_3,L0821,2025-04-01,2025-05-08,12500.0,12500.0
P_L0821_4,L0821,2025-05-01,2025-06-15,12500.0,7335.17
P_L0822_1,L0822,2025-01-31,2025-01-29,4166.67,4166.67
P_L0822_2,L0822,2025-03-02,2025-03-02,4166.67,4166.67
P_L0822_3,L0822,2025-04-01,2025-03-28,4166.67,4166.67
P_L0822_4,L0822,2025-05-01,2025-05-01,4166.67,4166.67
P_L0822_5,L0822,2025-05-31,2025-05-30,4166.67,4166.67
P_L0822_6,L0822,2025-06-30,2025-06-27,4166.67,4166.67
P_L0823_1,L0823,2025-01-31,2025-02-10,833.33,833.33
P_L0823_2,L0823,2025-03-02,2025-05-05,833.33,833.33
P_L0823_3,L0823,2025-04-01,2025-07-01,833.33,833.33
P_L0823_4,L0823,2025-05-01,2025-04-29,833.33,833.33
P_L0823_5,L0823,2025-05-31,2025-05-28,833.33,833.33
P_L0823_6,L0823,2025-06-30,2025-06-28,833.33,833.33
P_L0824_1,L0824,2025-01-31,2025-01-31,833.33,833.33
P_L0824_2,L0824,2025-03-02,2025-03-19,833.33,833.33
P_L0824_3,L0824,2025-04-01,2025-03-28,833.33,833.33
P_L0825_1,L0825,2025-01-31,2025-01-27,833.33,833.33
P_L0825_2,L0825,2025-03-02,2025-03-02,833.33,833.33
P_L0825_3,L0825,2025-04-01,2025-04-01,833.33,833.33
P_L0825_4,L0825,2025-05-01,2025-04-29,833.33,833.33
P_L0825_5,L0825,2025-05-31,2025-05-31,833.33,833.33
P_L0825_6,L0825,2025-06-30,2025-06-28,833.33,833.33
P_L0826_1,L0826,2025-01-31,2025-02-03,2083.33,2083.33
P_L0826_2,L0826,2025-03-02,2025-05-10,2083.33,2083.33
P_L0826_3,L0826,2025-04-01,2025-03-30,2083.33,2083.33
P_L0826_4,L0826,2025-05-01,2025-08-04,2083.33,2083.33
P_L0827_1,L0827,2025-01-31,2025-01-27,8333.33,8333.33
P_L0827_2,L0827,2025-03-02,2025-03-02,8333.33,8333.33
P_L0827_3,L0827,2025-04-01,2025-03-30,8333.33,8333.33
P_L0828_1,L0828,2025-01-31,2025-04-30,12500.0,12500.0
P_L0828_2,L0828,2025-03-02,2025-03-18,12500.0,12500.0
P_L0828_3,L0828,2025-04-01,2025-04-18,12500.0,12500.0
P_L0829_1,L0829,2025-01-31,2025-04-13,4166.67,4166.67
P_L0829_2,L0829,2025-03-02,2025-03-05,4166.67,4166.67
P_L0829_3,L0829,2025-04-01,2025-03-31,4166.67,4166.67
P_L0829_4,L0829,2025-05-01,2025-07-22,4166.67,4166.67
P_L0829_5,L0829,2025-05-31,2025-05-28,4166.67,2348.58
P_L0830_1,L0830,2025-01-31,2025-01-29,4166.67,1930.46
P_L0830_2,L0830,2025-03-02,2025-02-28,4166.67,2187.55
P_L0830_3,L0830,2025-04-01,2025-07-08,4166.67,4166.67
P_L0830_4,L0830,2025-05-01,2025-07-26,4166.67,4166.67
P_L0831_1,L0831,2025-01-31,2025-01-31,2083.33,2083.33
P_L0831_2,L0831,2025-03-02,2025-03-01,2083.33,2083.33
P_L0831_3,L0831,2025-04-01,2025-03-31,2083.33,2083.33
P_L0831_4,L0831,2025-05-01,2025-04-29,2083.33,2083.33
P_L0831_5,L0831,2025-05-31,2025-05-29,2083.33,2083.33
P_L0832_1,L0832,2025-01-31,2025-01-28,833.33,833.33
P_L0832_2,L0832,2025-03-02,2025-06-05,833.33,833.33
P_L0832_3,L0832,2025-04-01,2025-03-30,833.33,833.33
P_L0833_1,L0833,2025-01-31,2025-04-29,2083.33,2083.33
P_L0833_2,L0833,2025-03-02,2025-02-26,2083.33,2083.33
P_L0833_3,L0833,2025-04-01,2025-04-01,2083.33,2083.33
P_L0833_4,L0833,2025-05-01,2025-04-29,2083.33,2083.33
P_L0834_1,L0834,2025-01-31,2025-01-30,8333.33,8333.33
P_L0834_2,L0834,2025-03-02,2025-05-18,8333.33,3842.75
P_L0834_3,L0834,2025-04-01,2025-03-31,8333.33,8333.33
P_L0834_4,L0834,2025-05-01,2025-05-01,8333.33,8333.33
P_L0834_5,L0834,2025-05-31,2025-08-26,8333.33,8333.33
P_L0834_6,L0834,2025-06-30,2025-10-08,8333.33,8333.33
P_L0835_1,L0835,2025-01-31,2025-01-30,8333.33,8333.33
P_L0835_2,L0835,2025-03-02,2025-03-02,8333.33,8333.33
P_L0835_3,L0835,2025-04-01,2025-04-01,8333.33,8333.33
P_L0835_4,L0835,2025-05-01,2025-04-28,8333.33,8333.33
P_L0835_5,L0835,2025-05-31,2025-05-29,8333.33,8333.33
P_L0835_6,L0835,2025-06-30,2025-06-28,8333.33,8333.33
P_L0836_1,L0836,2025-01-31,2025-05-18,12500.0,12500.0
P_L0836_2,L0836,2025-03-02,2025-03-01,12500.0,12500.0
P_L0836_3,L0836,2025-04-01,2025-04-01,12500.0,12500.0
P_L0836_4,L0836,2025-05-01,2025-06-03,12500.0,12500.0
P_L0836_5,L0836,2025-05-31,2025-08-17,12500.0,12500.0
P_L0837_1,L0837,2025-01-31,2025-01-28,12500.0,12500.0
P_L0837_2,L0837,2025-03-02,2025-02-28,12500.0,12500.0
P_L0837_3,L0837,2025-04-01,2025-03-29,12500.0,12500.0
P_L0837_4,L0837,2025-05-01,2025-05-01,12500.0,12500.0
P_L0837_5,L0837,2025-05-31,2025-08-17,12500.0,12500.0
P_L0838_1,L0838,2025-01-31,2025-01-30,8333.33,8333.33
P_L0838_2,L0838,2025-03-02,2025-04-08,8333.33,8333.33
P_L0838_3,L0838,2025-04-01,2025-06-10,8333.33,8333.33
P_L0838_4,L0838,2025-05-01,2025-04-27,8333.33,8333.33
P_L0838_5,L0838,2025-05-31,2025-05-29,8333.33,8333.33
P_L0839_1,L0839,2025-01-31,2025-01-31,8333.33,8333.33
P_L0839_2,L0839,2025-03-02,2025-03-24,8333.33,8333.33
P_L0839_3,L0839,2025-04-01,2025-03-31,8333.33,8333.33
P_L0839_4,L0839,2025-05-01,2025-04-29,8333.33,8333.33
P_L0840_1,L0840,2025-01-31,2025-01-29,8333.33,8333.33
P_L0840_2,L0840,2025-03-02,2025-02-27,8333.33,8333.33
P_L0840_3,L0840,2025-04-01,2025-04-01,8333.33,8333.33
P_L0841_1,L0841,2025-01-31,2025-01-27,2083.33,2083.33
P_L0841_2,L0841,2025-03-02,2025-02-28,2083.33,2083.33
P_L0841_3,L0841,2025-04-01,2025-03-29,2083.33,2083.33
P_L0841_4,L0841,2025-05-01,2025-04-30,2083.33,2083.33
P_L0842_1,L0842,2025-01-31,2025-01-30,8333.33,8333.33
P_L0842_2,L0842,2025-03-02,2025-03-02,8333.33,8333.33
P_L0842_3,L0842,2025-04-01,2025-06-01,8333.33,8333.33
P_L0842_4,L0842,2025-05-01,2025-05-01,8333.33,8333.33
P_L0842_5,L0842,2025-05-31,2025-08-15,8333.33,8333.33
P_L0843_1,L0843,2025-01-31,2025-01-28,4166.67,4166.67
P_L0843_2,L0843,2025-03-02,2025-03-01,4166.67,4166.67
P_L0843_3,L0843,2025-04-01,2025-04-01,4166.67,4166.67
P_L0844_1,L0844,2025-01-31,2025-01-30,833.33,833.33
P_L0844_2,L0844,2025-03-02,2025-02-26,833.33,833.33
P_L0844_3,L0844,2025-04-01,2025-03-29,833.33,833.33
P_L0845_1,L0845,2025-01-31,2025-01-31,8333.33,8333.33
P_L0845_2,L0845,2025-03-02,2025-02-28,8333.33,8333.33
P_L0845_3,L0845,2025-04-01,2025-03-28,8333.33,8333.33
P_L0846_1,L0846,2025-01-31,2025-01-27,833.33,833.33
P_L0846_2,L0846,2025-03-02,2025-03-01,833.33,833.33
P_L0846_3,L0846,2025-04-01,2025-03-30,833.33,833.33
P_L0846_4,L0846,2025-05-01,2025-04-30,833.33,833.33
P_L0847_1,L0847,2025-01-31,2025-01-28,2083.33,2083.33
P_L0847_2,L0847,2025-03-02,2025-02-27,2083.33,2083.33
P_L0847_3,L0847,2025-04-01,2025-03-30,2083.33,2083.33
P_L0847_4,L0847,2025-05-01,2025-04-27,2083.33,2083.33
P_L0848_1,L0848,2025-01-31,2025-01-29,833.33,833.33
P_L0848_2,L0848,2025-03-02,2025-02-27,833.33,833.33
P_L0848_3,L0848,2025-04-01,2025-03-31,833.33,833.33
P_L0849_1,L0849,2025-01-31,2025-01-31,2083.33,2083.33
P_L0849_2,L0849,2025-03-02,2025-05-11,2083.33,2083.33
P_L0849_3,L0849,2025-04-01,2025-04-01,2083.33,2083.33
P_L0849_4,L0849,2025-05-01,2025-05-01,2083.33,2083.33
P_L0849_5,L0849,2025-05-31,2025-06-24,2083.33,2083.33
P_L0850_1,L0850,2025-01-31,2025-01-27,4166.67,4166.67
P_L0850_2,L0850,2025-03-02,2025-02-26,4166.67,4166.67
P_L0850_3,L0850,2025-04-01,2025-03-29,4166.67,4166.67
P_L0851_1,L0851,2025-01-31,2025-01-28,2083.33,2083.33
P_L0851_2,L0851,2025-03-02,2025-03-01,2083.33,2083.33
P_L0851_3,L0851,2025-04-01,2025-04-01,2083.33,2083.33
P_L0851_4,L0851,2025-05-01,2025-04-30,2083.33,2083.33
P_L0851_5,L0851,2025-05-31,2025-05-27,2083.33,2083.33
P_L0851_6,L0851,2025-06-30,2025-06-29,2083.33,2083.33
P_L0852_1,L0852,2025-01-31,2025-01-29,2083.33,2083.33
P_L0852_2,L0852,2025-03-02,2025-03-01,2083.33,2083.33
P_L0852_3,L0852,2025-04-01,2025-03-31,2083.33,2083.33
P_L0853_1,L0853,2025-01-31,2025-01-28,12500.0,12500.0
P_L0853_2,L0853,2025-03-02,2025-02-26,12500.0,12500.0
P_L0853_3,L0853,2025-04-01,2025-03-29,12500.0,12500.0
P_L0853_4,L0853,2025-05-01,2025-04-28,12500.0,12500.0
P_L0854_1,L0854,2025-01-31,2025-01-27,8333.33,8333.33
P_L0854_2,L0854,2025-03-02,2025-03-02,8333.33,8333.33
P_L0854_3,L0854,2025-04-01,2025-04-01,8333.33,8333.33
P_L0854_4,L0854,2025-05-01,2025-05-01,8333.33,8333.33
P_L0855_1,L0855,2025-01-31,2025-02-13,8333.33,4436.2
P_L0855_2,L0855,2025-03-02,2025-02-28,8333.33,8333.33
P_L0855_3,L0855,2025-04-01,2025-05-16,8333.33,3763.41
P_L0855_4,L0855,2025-05-01,2025-04-28,8333.33,4565.22
P_L0856_1,L0856,2025-01-31,2025-01-27,4166.67,4166.67
P_L0856_2,L0856,2025-03-02,2025-02-28,4166.67,4166.67
P_L0856_3,L0856,2025-04-01,2025-03-31,4166.67,4166.67
P_L0856_4,L0856,2025-05-01,2025-04-30,4166.67,4166.67
P_L0857_1,L0857,2025-01-31,2025-01-31,4166.67,4166.67
P_L0857_2,L0857,2025-03-02,2025-02-27,4166.67,4166.67
P_L0857_3,L0857,2025-04-01,2025-03-31,4166.67,4166.67
P_L0858_1,L0858,2025-01-31,2025-01-30,8333.33,8333.33
P_L0858_2,L0858,2025-03-02,2025-02-28,8333.33,8333.33
P_L0858_3,L0858,2025-04-01,2025-03-30,8333.33,8333.33
P_L0858_4,L0858,2025-05-01,2025-04-27,8333.33,8333.33
P_L0858_5,L0858,2025-05-31,2025-05-28,8333.33,8333.33
P_L0858_6,L0858,2025-06-30,2025-07-06,8333.33,8333.33
P_L0859_1,L0859,2025-01-31,2025-01-30,12500.0,12500.0
P_L0859_2,L0859,2025-03-02,2025-02-26,12500.0,12500.0
P_L0859_3,L0859,2025-04-01,2025-07-17,12500.0,12500.0
P_L0859_4,L0859,2025-05-01,2025-07-02,12500.0,6897.31
P_L0860_1,L0860,2025-01-31,2025-03-17,8333.33,8333.33
P_L0860_2,L0860,2025-03-02,2025-02-27,8333.33,8333.33
P_L0860_3,L0860,2025-04-01,2025-04-01,8333.33,8333.33
P_L0860_4,L0860,2025-05-01,2025-04-27,8333.33,8333.33
P_L0860_5,L0860,2025-05-31,2025-05-30,8333.33,8333.33
P_L0861_1,L0861,2025-01-31,2025-03-27,12500.0,12500.0
P_L0861_2,L0861,2025-03-02,2025-02-27,12500.0,12500.0
P_L0861_3,L0861,2025-04-01,2025-07-03,12500.0,12500.0
P_L0862_1,L0862,2025-01-31,2025-04-28,4166.67,4166.67
P_L0862_2,L0862,2025-03-02,2025-05-21,4166.67,4166.67
P_L0862_3,L0862,2025-04-01,2025-03-30,4166.67,4166.67
P_L0862_4,L0862,2025-05-01,2025-05-01,4166.67,4166.67
P_L0862_5,L0862,2025-05-31,2025-05-31,4166.67,4166.67
P_L0862_6,L0862,2025-06-30,2025-07-29,4166.67,4166.67
P_L0863_1,L0863,2025-01-31,2025-05-18,833.33,833.33
P_L0863_2,L0863,2025-03-02,2025-03-02,833.33,833.33
P_L0863_3,L0863,2025-04-01,2025-03-29,833.33,833.33
P_L0863_4,L0863,2025-05-01,2025-05-01,833.33,833.33
P_L0864_1,L0864,2025-01-31,2025-01-30,4166.67,4166.67
P_L0864_2,L0864,2025-03-02,2025-03-02,4166.67,4166.67
P_L0864_3,L0864,2025-04-01,2025-07-10,4166.67,4166.67
P_L0864_4,L0864,2025-05-01,2025-04-27,4166.67,4166.67
P_L0864_5,L0864,2025-05-31,2025-05-31,4166.67,4166.67
P_L0864_6,L0864,2025-06-30,2025-09-15,4166.67,4166.67
P_L0865_1,L0865,2025-01-31,2025-01-30,4166.67,4166.67
P_L0865_2,L0865,2025-03-02,2025-03-02,4166.67,4166.67
P_L0865_3,L0865,2025-04-01,2025-04-01,4166.67,4166.67
P_L0866_1,L0866,2025-01-31,2025-03-02,2083.33,2083.33
P_L0866_2,L0866,2025-03-02,2025-02-28,2083.33,1614.8
P_L0866_3,L0866,2025-04-01,2025-06-19,2083.33,2083.33
P_L0866_4,L0866,2025-05-01,2025-04-30,2083.33,2083.33
P_L0866_5,L0866,2025-05-31,2025-05-29,2083.33,1540.5
P_L0866_6,L0866,2025-06-30,2025-08-08,2083.33,2083.33
P_L0867_1,L0867,2025-01-31,2025-03-27,2083.33,2083.33
P_L0867_2,L0867,2025-03-02,2025-02-26,2083.33,2083.33
P_L0867_3,L0867,2025-04-01,2025-03-31,2083.33,2083.33
P_L0868_1,L0868,2025-01-31,2025-01-29,2083.33,2083.33
P_L0868_2,L0868,2025-03-02,2025-02-28,2083.33,2083.33
P_L0868_3,L0868,2025-04-01,2025-03-30,2083.33,2083.33
P_L0869_1,L0869,2025-01-31,2025-01-31,2083.33,2083.33
P_L0869_2,L0869,2025-03-02,2025-03-02,2083.33,2083.33
P_L0869_3,L0869,2025-04-01,2025-03-28,2083.33,2083.33
P_L0869_4,L0869,2025-05-01,2025-04-29,2083.33,2083.33
P_L0869_5,L0869,2025-05-31,2025-05-28,2083.33,2083.33
P_L0870_1,L0870,2025-01-31,2025-01-27,12500.0,12500.0
P_L0870_2,L0870,2025-03-02,2025-02-26,12500.0,12500.0
P_L0870_3,L0870,2025-04-01,2025-05-01,12500.0,12500.0
P_L0870_4,L0870,2025-05-01,2025-07-16,12500.0,12500.0
P_L0870_5,L0870,2025-05-31,2025-05-30,12500.0,12500.0
P_L0870_6,L0870,2025-06-30,2025-10-06,12500.0,12500.0
P_L0871_1,L0871,2025-01-31,2025-01-28,8333.33,8333.33
P_L0871_2,L0871,2025-03-02,2025-03-01,8333.33,8333.33
P_L0871_3,L0871,2025-04-01,2025-03-31,8333.33,8333.33
P_L0871_4,L0871,2025-05-01,2025-04-27,8333.33,8333.33
P_L0871_5,L0871,2025-05-31,2025-05-31,8333.33,8333.33
P_L0872_1,L0872,2025-01-31,2025-03-20,833.33,833.33
P_L0872_2,L0872,2025-03-02,2025-04-02,833.33,599.75
P_L0872_3,L0872,2025-04-01,2025-04-14,833.33,833.33
P_L0872_4,L0872,2025-05-01,2025-04-30,833.33,833.33
P_L0872_5,L0872,2025-05-31,2025-09-16,833.33,833.33
P_L0873_1,L0873,2025-01-31,2025-03-04,4166.67,4166.67
P_L0873_2,L0873,2025-03-02,2025-02-26,4166.67,4166.67
P_L0873_3,L0873,2025-04-01,2025-03-30,4166.67,4166.67
P_L0873_4,L0873,2025-05-01,2025-04-27,4166.67,4166.67
P_L0874_1,L0874,2025-01-31,2025-01-29,12500.0,12500.0
P_L0874_2,L0874,2025-03-02,2025-03-01,12500.0,12500.0
P_L0874_3,L0874,2025-04-01,2025-04-01,12500.0,12500.0
P_L0874_4,L0874,2025-05-01,2025-04-27,12500.0,12500.0
P_L0874_5,L0874,2025-05-31,2025-05-30,12500.0,12500.0
P_L0874_6,L0874,2025-06-30,2025-06-29,12500.0,12500.0
P_L0875_1,L0875,2025-01-31,2025-01-31,833.33,833.33
P_L0875_2,L0875,2025-03-02,2025-03-01,833.33,833.33
P_L0875_3,L0875,2025-04-01,2025-04-16,833.33,833.33
P_L0875_4,L0875,2025-05-01,2025-06-03,833.33,833.33
P_L0875_5,L0875,2025-05-31,2025-07-17,833.33,833.33
P_L0876_1,L0876,2025-01-31,2025-04-13,12500.0,12500.0
P_L0876_2,L0876,2025-03-02,2025-03-02,12500.0,12500.0
P_L0876_3,L0876,2025-04-01,2025-05-28,12500.0,12500.0
P_L0876_4,L0876,2025-05-01,2025-04-28,12500.0,12500.0
P_L0876_5,L0876,2025-05-31,2025-05-28,12500.0,12500.0
P_L0877_1,L0877,2025-01-31,2025-01-28,12500.0,12500.0
P_L0877_2,L0877,2025-03-02,2025-02-27,12500.0,12500.0
P_L0877_3,L0877,2025-04-01,2025-03-29,12500.0,12500.0
P_L0878_1,L0878,2025-01-31,2025-01-29,4166.67,4166.67
P_L0878_2,L0878,2025-03-02,2025-03-02,4166.67,4166.67
P_L0878_3,L0878,2025-04-01,2025-04-08,4166.67,4166.67
P_L0878_4,L0878,2025-05-01,2025-05-01,4166.67,4166.67
P_L0878_5,L0878,2025-05-31,2025-05-30,4166.67,4166.67
P_L0878_6,L0878,2025-06-30,2025-06-30,4166.67,4166.67
P_L0879_1,L0879,2025-01-31,2025-01-31,8333.33,8333.33
P_L0879_2,L0879,2025-03-02,2025-03-01,8333.33,8333.33
P_L0879_3,L0879,2025-04-01,2025-03-31,8333.33,8333.33
P_L0879_4,L0879,2025-05-01,2025-04-27,8333.33,8333.33
P_L0880_1,L0880,2025-01-31,2025-01-31,2083.33,2083.33
P_L0880_2,L0880,2025-03-02,2025-03-01,2083.33,2083.33
P_L0880_3,L0880,2025-04-01,2025-03-29,2083.33,2083.33
P_L0881_1,L0881,2025-01-31,2025-01-30,8333.33,8333.33
P_L0881_2,L0881,2025-03-02,2025-02-26,8333.33,8333.33
P_L0881_3,L0881,2025-04-01,2025-03-28,8333.33,8333.33
P_L0881_4,L0881,2025-05-01,2025-04-29,8333.33,8333.33
P_L0881_5,L0881,2025-05-31,2025-05-29,8333.33,8333.33
P_L0881_6,L0881,2025-06-30,2025-06-26,8333.33,8333.33
P_L0882_1,L0882,2025-01-31,2025-04-06,4166.67,2931.97
P_L0882_2,L0882,2025-03-02,2025-03-02,4166.67,2919.11
P_L0882_3,L0882,2025-04-01,2025-03-30,4166.67,4166.67
P_L0882_4,L0882,2025-05-01,2025-07-30,4166.67,4166.67
P_L0882_5,L0882,2025-05-31,2025-06-16,4166.67,4166.67
P_L0882_6,L0882,2025-06-30,2025-07-22,4166.67,4166.67
P_L0883_1,L0883,2025-01-31,2025-01-28,4166.67,4166.67
P_L0883_2,L0883,2025-03-02,2025-03-02,4166.67,4166.67
P_L0883_3,L0883,2025-04-01,2025-03-28,4166.67,4166.67
P_L0883_4,L0883,2025-05-01,2025-05-01,4166.67,4166.67
P_L0884_1,L0884,2025-01-31,2025-05-07,4166.67,4166.67
P_L0884_2,L0884,2025-03-02,2025-05-31,4166.67,4166.67
P_L0884_3,L0884,2025-04-01,2025-03-29,4166.67,4166.67
P_L0884_4,L0884,2025-05-01,2025-05-10,4166.67,4166.67
P_L0884_5,L0884,2025-05-31,2025-05-27,4166.67,4166.67
P_L0884_6,L0884,2025-06-30,2025-06-27,4166.67,4166.67
P_L0885_1,L0885,2025-01-31,2025-01-29,833.33,833.33
P_L0885_2,L0885,2025-03-02,2025-03-02,833.33,833.33
P_L0885_3,L0885,2025-04-01,2025-03-30,833.33,833.33
P_L0885_4,L0885,2025-05-01,2025-04-30,833.33,833.33
P_L0885_5,L0885,2025-05-31,2025-05-27,833.33,833.33
P_L0885_6,L0885,2025-06-30,2025-06-30,833.33,833.33
P_L0886_1,L0886,2025-01-31,2025-04-04,8333.33,8333.33
P_L0886_2,L0886,2025-03-02,2025-02-28,8333.33,8333.33
P_L0886_3,L0886,2025-04-01,2025-04-01,8333.33,8333.33
P_L0887_1,L0887,2025-01-31,2025-01-27,8333.33,8333.33
P_L0887_2,L0887,2025-03-02,2025-04-19,8333.33,8333.33
P_L0887_3,L0887,2025-04-01,2025-05-22,8333.33,8333.33
P_L0887_4,L0887,2025-05-01,2025-07-14,8333.33,8333.33
P_L0887_5,L0887,2025-05-31,2025-05-29,8333.33,8333.33
P_L0888_1,L0888,2025-01-31,2025-01-27,12500.0,12500.0
P_L0888_2,L0888,2025-03-02,2025-04-12,12500.0,12500.0
P_L0888_3,L0888,2025-04-01,2025-05-25,12500.0,8034.62
P_L0888_4,L0888,2025-05-01,2025-06-29,12500.0,12500.0
P_L0889_1,L0889,2025-01-31,2025-01-29,12500.0,12500.0
P_L0889_2,L0889,2025-03-02,2025-02-27,12500.0,12500.0
P_L0889_3,L0889,2025-04-01,2025-04-01,12500.0,12500.0
P_L0889_4,L0889,2025-05-01,2025-04-29,12500.0,12500.0
P_L0889_5,L0889,2025-05-31,2025-05-31,12500.0,12500.0
P_L0889_6,L0889,2025-06-30,2025-06-30,12500.0,12500.0
P_L0890_1,L0890,2025-01-31,2025-02-10,12500.0,12500.0
P_L0890_2,L0890,2025-03-02,2025-03-02,12500.0,12500.0
P_L0890_3,L0890,2025-04-01,2025-04-01,12500.0,12500.0
P_L0890_4,L0890,2025-05-01,2025-04-30,12500.0,12500.0
P_L0890_5,L0890,2025-05-31,2025-05-28,12500.0,12500.0
P_L0891_1,L0891,2025-01-31,2025-01-27,4166.67,4166.67
P_L0891_2,L0891,2025-03-02,2025-05-31,4166.67,4166.67
P_L0891_3,L0891,2025-04-01,2025-03-28,4166.67,4166.67
P_L0891_4,L0891,2025-05-01,2025-04-29,4166.67,4166.67
P_L0892_1,L0892,2025-01-31,2025-01-29,8333.33,8333.33
P_L0892_2,L0892,2025-03-02,2025-02-26,8333.33,8333.33
P_L0892_3,L0892,2025-04-01,2025-03-28,8333.33,8333.33
P_L0892_4,L0892,2025-05-01,2025-05-01,8333.33,8333.33
P_L0892_5,L0892,2025-05-31,2025-05-31,8333.33,8333.33
P_L0892_6,L0892,2025-06-30,2025-06-29,8333.33,8333.33
P_L0893_1,L0893,2025-01-31,2025-01-27,4166.67,4166.67
P_L0893_2,L0893,2025-03-02,2025-02-27,4166.67,4166.67
P_L0893_3,L0893,2025-04-01,2025-03-29,4166.67,4166.67
P_L0893_4,L0893,2025-05-01,2025-04-29,4166.67,4166.67
P_L0893_5,L0893,2025-05-31,2025-05-28,4166.67,4166.67
P_L0893_6,L0893,2025-06-30,2025-06-26,4166.67,4166.67
P_L0894_1,L0894,2025-01-31,2025-01-30,833.33,833.33
P_L0894_2,L0894,2025-03-02,2025-04-06,833.33,833.33
P_L0894_3,L0894,2025-04-01,2025-03-31,833.33,833.33
P_L0894_4,L0894,2025-05-01,2025-04-30,833.33,833.33
P_L0895_1,L0895,2025-01-31,2025-04-27,12500.0,12500.0
P_L0895_2,L0895,2025-03-02,2025-02-27,12500.0,12500.0
P_L0895_3,L0895,2025-04-01,2025-03-28,12500.0,12500.0
P_L0895_4,L0895,2025-05-01,2025-04-27,12500.0,12500.0
P_L0895_5,L0895,2025-05-31,2025-05-27,12500.0,12500.0
P_L0896_1,L0896,2025-01-31,2025-01-28,4166.67,4166.67
P_L0896_2,L0896,2025-03-02,2025-06-09,4166.67,4166.67
P_L0896_3,L0896,2025-04-01,2025-03-31,4166.67,4166.67
P_L0896_4,L0896,2025-05-01,2025-04-30,4166.67,4166.67
P_L0896_5,L0896,2025-05-31,2025-05-27,4166.67,4166.67
P_L0897_1,L0897,2025-01-31,2025-01-27,4166.67,4166.67
P_L0897_2,L0897,2025-03-02,2025-04-06,4166.67,4166.67
P_L0897_3,L0897,2025-04-01,2025-03-29,4166.67,4166.67
P_L0897_4,L0897,2025-05-01,2025-04-30,4166.67,4166.67
P_L0897_5,L0897,2025-05-31,2025-05-28,4166.67,4166.67
P_L0898_1,L0898,2025-01-31,2025-01-31,833.33,833.33
P_L0898_2,L0898,2025-03-02,2025-03-02,833.33,833.33
P_L0898_3,L0898,2025-04-01,2025-03-28,833.33,833.33
P_L0899_1,L0899,2025-01-31,2025-01-29,2083.33,2083.33
P_L0899_2,L0899,2025-03-02,2025-02-27,2083.33,2083.33
P_L0899_3,L0899,2025-04-01,2025-03-31,2083.33,2083.33
P_L0899_4,L0899,2025-05-01,2025-04-28,2083.33,2083.33
P_L0899_5,L0899,2025-05-31,2025-05-31,2083.33,2083.33
P_L0899_6,L0899,2025-06-30,2025-06-29,2083.33,2083.33
P_L0900_1,L0900,2025-01-31,2025-01-27,8333.33,8333.33
P_L0900_2,L0900,2025-03-02,2025-03-02,8333.33,8333.33
P_L0900_3,L0900,2025-04-01,2025-03-31,8333.33,8333.33
P_L0900_4,L0900,2025-05-01,2025-05-01,8333.33,8333.33
P_L0901_1,L0901,2025-01-31,2025-01-30,2083.33,2083.33
P_L0901_2,L0901,2025-03-02,2025-02-28,2083.33,2083.33
P_L0901_3,L0901,2025-04-01,2025-03-30,2083.33,1565.94
P_L0902_1,L0902,2025-01-31,2025-04-26,12500.0,12500.0
P_L0902_2,L0902,2025-03-02,2025-03-01,12500.0,12500.0
P_L0902_3,L0902,2025-04-01,2025-03-28,12500.0,12500.0
P_L0902_4,L0902,2025-05-01,2025-04-28,12500.0,12500.0
P_L0903_1,L0903,2025-01-31,2025-01-27,4166.67,4166.67
P_L0903_2,L0903,2025-03-02,2025-03-01,4166.67,4166.67
P_L0903_3,L0903,2025-04-01,2025-05-16,4166.67,4166.67
P_L0903_4,L0903,2025-05-01,2025-05-01,4166.67,4166.67
P_L0903_5,L0903,2025-05-31,2025-05-27,4166.67,4166.67
P_L0903_6,L0903,2025-06-30,2025-08-13,4166.67,4166.67
P_L0904_1,L0904,2025-01-31,2025-01-29,833.33,833.33
P_L0904_2,L0904,2025-03-02,2025-02-28,833.33,833.33
P_L0904_3,L0904,2025-04-01,2025-03-31,833.33,833.33
P_L0904_4,L0904,2025-05-01,2025-04-30,833.33,833.33
P_L0905_1,L0905,2025-01-31,2025-01-29,833.33,833.33
P_L0905_2,L0905,2025-03-02,2025-02-28,833.33,833.33
P_L0905_3,L0905,2025-04-01,2025-03-30,833.33,833.33
P_L0906_1,L0906,2025-01-31,2025-01-29,8333.33,8333.33
P_L0906_2,L0906,2025-03-02,2025-03-02,8333.33,8333.33
P_L0906_3,L0906,2025-04-01,2025-04-01,8333.33,8333.33
P_L0906_4,L0906,2025-05-01,2025-04-27,8333.33,8333.33
P_L0907_1,L0907,2025-01-31,2025-01-28,2083.33,2083.33
P_L0907_2,L0907,2025-03-02,2025-02-26,2083.33,2083.33
P_L0907_3,L0907,2025-04-01,2025-03-28,2083.33,2083.33
P_L0907_4,L0907,2025-05-01,2025-04-27,2083.33,2083.33
P_L0907_5,L0907,2025-05-31,2025-05-29,2083.33,2083.33
P_L0908_1,L0908,2025-01-31,2025-01-31,8333.33,8333.33
P_L0908_2,L0908,2025-03-02,2025-02-27,8333.33,8333.33
P_L0908_3,L0908,2025-04-01,2025-06-20,8333.33,8333.33
P_L0909_1,L0909,2025-01-31,2025-03-05,4166.67,4166.67
P_L0909_2,L0909,2025-03-02,2025-02-27,4166.67,4166.67
P_L0909_3,L0909,2025-04-01,2025-05-24,4166.67,4166.67
P_L0909_4,L0909,2025-05-01,2025-07-13,4166.67,4166.67
P_L0909_5,L0909,2025-05-31,2025-05-29,4166.67,2355.96
P_L0910_1,L0910,2025-01-31,2025-01-31,8333.33,8333.33
P_L0910_2,L0910,2025-03-02,2025-03-02,8333.33,8333.33
P_L0910_3,L0910,2025-04-01,2025-03-28,8333.33,8333.33
P_L0910_4,L0910,2025-05-01,2025-04-30,8333.33,8333.33
P_L0911_1,L0911,2025-01-31,2025-01-28,833.33,833.33
P_L0911_2,L0911,2025-03-02,2025-02-28,833.33,833.33
P_L0911_3,L0911,2025-04-01,2025-03-29,833.33,833.33
P_L0911_4,L0911,2025-05-01,2025-05-01,833.33,833.33
P_L0911_5,L0911,2025-05-31,2025-05-29,833.33,833.33
P_L0911_6,L0911,2025-06-30,2025-06-29,833.33,833.33
P_L0912_1,L0912,2025-01-31,2025-01-29,833.33,833.33
P_L0912_2,L0912,2025-03-02,2025-02-28,833.33,833.33
P_L0912_3,L0912,2025-04-01,2025-03-28,833.33,833.33
P_L0912_4,L0912,2025-05-01,2025-04-28,833.33,833.33
P_L0913_1,L0913,2025-01-31,2025-01-28,12500.0,12500.0
P_L0913_2,L0913,2025-03-02,2025-02-27,12500.0,12500.0
P_L0913_3,L0913,2025-04-01,2025-04-01,12500.0,12500.0
P_L0914_1,L0914,2025-01-31,2025-01-27,12500.0,12500.0
P_L0914_2,L0914,2025-03-02,2025-02-28,12500.0,12500.0
P_L0914_3,L0914,2025-04-01,2025-03-30,12500.0,12500.0
P_L0914_4,L0914,2025-05-01,2025-04-29,12500.0,12500.0
P_L0914_5,L0914,2025-05-31,2025-05-29,12500.0,12500.0
P_L0914_6,L0914,2025-06-30,2025-06-26,12500.0,12500.0
P_L0915_1,L0915,2025-01-31,2025-01-27,4166.67,4166.67
P_L0915_2,L0915,2025-03-02,2025-02-26,4166.67,4166.67
P_L0915_3,L0915,2025-04-01,2025-03-28,4166.67,4166.67
P_L0916_1,L0916,2025-01-31,2025-01-28,2083.33,2083.33
P_L0916_2,L0916,2025-03-02,2025-03-02,2083.33,2083.33
P_L0916_3,L0916,2025-04-01,2025-03-29,2083.33,2083.33
P_L0917_1,L0917,2025-01-31,2025-01-29,8333.33,8333.33
P_L0917_2,L0917,2025-03-02,2025-02-27,8333.33,8333.33
P_L0917_3,L0917,2025-04-01,2025-03-30,8333.33,8333.33
P_L0917_4,L0917,2025-05-01,2025-04-29,8333.33,8333.33
P_L0917_5,L0917,2025-05-31,2025-05-28,8333.33,8333.33
P_L0918_1,L0918,2025-01-31,2025-01-30,4166.67,4166.67
P_L0918_2,L0918,2025-03-02,2025-04-29,4166.67,4166.67
P_L0918_3,L0918,2025-04-01,2025-03-30,4166.67,4166.67
P_L0918_4,L0918,2025-05-01,2025-04-27,4166.67,4166.67
P_L0919_1,L0919,2025-01-31,2025-01-27,12500.0,12500.0
P_L0919_2,L0919,2025-03-02,2025-02-28,12500.0,12500.0
P_L0919_3,L0919,2025-04-01,2025-04-26,12500.0,12500.0
P_L0919_4,L0919,2025-05-01,2025-04-28,12500.0,12500.0
P_L0919_5,L0919,2025-05-31,2025-05-29,12500.0,12500.0
P_L0919_6,L0919,2025-06-30,2025-06-28,12500.0,12500.0
P_L0920_1,L0920,2025-01-31,2025-01-29,8333.33,8333.33
P_L0920_2,L0920,2025-03-02,2025-06-15,8333.33,8333.33
P_L0920_3,L0920,2025-04-01,2025-03-31,8333.33,8333.33
P_L0920_4,L0920,2025-05-01,2025-08-06,8333.33,8333.33
P_L0920_5,L0920,2025-05-31,2025-05-31,8333.33,8333.33
P_L0920_6,L0920,2025-06-30,2025-06-30,8333.33,8333.33
P_L0921_1,L0921,2025-01-31,2025-01-27,12500.0,12500.0
P_L0921_2,L0921,2025-03-02,2025-03-02,12500.0,12500.0
P_L0921_3,L0921,2025-04-01,2025-04-01,12500.0,12500.0
P_L0921_4,L0921,2025-05-01,2025-04-27,12500.0,12500.0
P_L0921_5,L0921,2025-05-31,2025-05-31,12500.0,12500.0
P_L0922_1,L0922,2025-01-31,2025-01-29,8333.33,8333.33
P_L0922_2,L0922,2025-03-02,2025-03-29,8333.33,8333.33
P_L0922_3,L0922,2025-04-01,2025-04-01,8333.33,2732.29
P_L0922_4,L0922,2025-05-01,2025-07-04,8333.33,8333.33
P_L0923_1,L0923,2025-01-31,2025-01-31,2083.33,2083.33
P_L0923_2,L0923,2025-03-02,2025-02-26,2083.33,2083.33
P_L0923_3,L0923,2025-04-01,2025-06-17,2083.33,2083.33
P_L0924_1,L0924,2025-01-31,2025-01-28,4166.67,4166.67
P_L0924_2,L0924,2025-03-02,2025-02-27,4166.67,4166.67
P_L0924_3,L0924,2025-04-01,2025-06-12,4166.67,4166.67
P_L0924_4,L0924,2025-05-01,2025-04-30,4166.67,4166.67
P_L0924_5,L0924,2025-05-31,2025-07-31,4166.67,4166.67
P_L0924_6,L0924,2025-06-30,2025-08-09,4166.67,4166.67
P_L0925_1,L0925,2025-01-31,2025-01-29,8333.33,3887.86
P_L0925_2,L0925,2025-03-02,2025-04-04,8333.33,3817.1
P_L0925_3,L0925,2025-04-01,2025-06-19,8333.33,8333.33
P_L0926_1,L0926,2025-01-31,2025-01-27,833.33,833.33
P_L0926_2,L0926,2025-03-02,2025-02-26,833.33,833.33
P_L0926_3,L0926,2025-04-01,2025-05-31,833.33,833.33
P_L0926_4,L0926,2025-05-01,2025-04-27,833.33,833.33
P_L0926_5,L0926,2025-05-31,2025-05-29,833.33,833.33
P_L0926_6,L0926,2025-06-30,2025-06-29,833.33,833.33
P_L0927_1,L0927,2025-01-31,2025-01-27,833.33,833.33
P_L0927_2,L0927,2025-03-02,2025-03-01,833.33,833.33
P_L0927_3,L0927,2025-04-01,2025-03-28,833.33,833.33
P_L0927_4,L0927,2025-05-01,2025-04-28,833.33,833.33
P_L0927_5,L0927,2025-05-31,2025-05-27,833.33,833.33
P_L0928_1,L0928,2025-01-31,2025-01-30,8333.33,8333.33
P_L0928_2,L0928,2025-03-02,2025-03-02,8333.33,8333.33
P_L0928_3,L0928,2025-04-01,2025-03-28,8333.33,8333.33
P_L0929_1,L0929,2025-01-31,2025-01-31,8333.33,8333.33
P_L0929_2,L0929,2025-03-02,2025-02-26,8333.33,8333.33
P_L0929_3,L0929,2025-04-01,2025-03-30,8333.33,8333.33
P_L0929_4,L0929,2025-05-01,2025-05-01,8333.33,8333.33
P_L0929_5,L0929,2025-05-31,2025-05-28,8333.33,8333.33
P_L0930_1,L0930,2025-01-31,2025-01-27,8333.33,8333.33
P_L0930_2,L0930,2025-03-02,2025-02-27,8333.33,8333.33
P_L0930_3,L0930,2025-04-01,2025-03-29,8333.33,8333.33
P_L0931_1,L0931,2025-01-31,2025-04-29,833.33,833.33
P_L0931_2,L0931,2025-03-02,2025-02-27,833.33,833.33
P_L0931_3,L0931,2025-04-01,2025-03-29,833.33,833.33
P_L0932_1,L0932,2025-01-31,2025-01-28,833.33,833.33
P_L0932_2,L0932,2025-03-02,2025-03-17,833.33,833.33
P_L0932_3,L0932,2025-04-01,2025-03-30,833.33,833.33
P_L0932_4,L0932,2025-05-01,2025-04-27,833.33,833.33
P_L0932_5,L0932,2025-05-31,2025-05-30,833.33,833.33
P_L0933_1,L0933,2025-01-31,2025-01-30,8333.33,8333.33
P_L0933_2,L0933,2025-03-02,2025-02-28,8333.33,8333.33
P_L0933_3,L0933,2025-04-01,2025-04-01,8333.33,8333.33
P_L0933_4,L0933,2025-05-01,2025-05-01,8333.33,8333.33
P_L0933_5,L0933,2025-05-31,2025-05-28,8333.33,8333.33
P_L0933_6,L0933,2025-06-30,2025-06-26,8333.33,8333.33
P_L0934_1,L0934,2025-01-31,2025-02-05,12500.0,12500.0
P_L0934_2,L0934,2025-03-02,2025-05-21,12500.0,12500.0
P_L0934_3,L0934,2025-04-01,2025-04-03,12500.0,9995.73
P_L0934_4,L0934,2025-05-01,2025-07-22,12500.0,12500.0
P_L0935_1,L0935,2025-01-31,2025-02-26,12500.0,12500.0
P_L0935_2,L0935,2025-03-02,2025-02-28,12500.0,12500.0
P_L0935_3,L0935,2025-04-01,2025-04-01,12500.0,12500.0
P_L0936_1,L0936,2025-01-31,2025-01-30,2083.33,2083.33
P_L0936_2,L0936,2025-03-02,2025-02-26,2083.33,2083.33
P_L0936_3,L0936,2025-04-01,2025-03-30,2083.33,2083.33
P_L0937_1,L0937,2025-01-31,2025-05-13,4166.67,4166.67
P_L0937_2,L0937,2025-03-02,2025-02-28,4166.67,3182.33
P_L0937_3,L0937,2025-04-01,2025-04-18,4166.67,4166.67
P_L0937_4,L0937,2025-05-01,2025-04-30,4166.67,4166.67
P_L0937_5,L0937,2025-05-31,2025-05-30,4166.67,4166.67
P_L0938_1,L0938,2025-01-31,2025-01-29,12500.0,12500.0
P_L0938_2,L0938,2025-03-02,2025-03-02,12500.0,12500.0
P_L0938_3,L0938,2025-04-01,2025-04-01,12500.0,12500.0
P_L0939_1,L0939,2025-01-31,2025-03-25,833.33,833.33
P_L0939_2,L0939,2025-03-02,2025-05-03,833.33,833.33
P_L0939_3,L0939,2025-04-01,2025-03-31,833.33,256.25
P_L0939_4,L0939,2025-05-01,2025-05-02,833.33,833.33
P_L0939_5,L0939,2025-05-31,2025-06-03,833.33,833.33
P_L0940_1,L0940,2025-01-31,2025-01-27,12500.0,12500.0
P_L0940_2,L0940,2025-03-02,2025-03-01,12500.0,12500.0
P_L0940_3,L0940,2025-04-01,2025-03-30,12500.0,12500.0
P_L0940_4,L0940,2025-05-01,2025-04-30,12500.0,12500.0
P_L0940_5,L0940,2025-05-31,2025-05-31,12500.0,12500.0
P_L0940_6,L0940,2025-06-30,2025-06-26,12500.0,12500.0
P_L0941_1,L0941,2025-01-31,2025-01-29,2083.33,2083.33
P_L0941_2,L0941,2025-03-02,2025-02-28,2083.33,2083.33
P_L0941_3,L0941,2025-04-01,2025-03-31,2083.33,2083.33
P_L0941_4,L0941,2025-05-01,2025-04-27,2083.33,2083.33
P_L0942_1,L0942,2025-01-31,2025-02-13,2083.33,2083.33
P_L0942_2,L0942,2025-03-02,2025-03-02,2083.33,2083.33
P_L0942_3,L0942,2025-04-01,2025-03-28,2083.33,2083.33
P_L0942_4,L0942,2025-05-01,2025-05-01,2083.33,2083.33
P_L0942_5,L0942,2025-05-31,2025-05-28,2083.33,2083.33
P_L0942_6,L0942,2025-06-30,2025-06-27,2083.33,2083.33
P_L0943_1,L0943,2025-01-31,2025-01-28,4166.67,4166.67
P_L0943_2,L0943,2025-03-02,2025-03-01,4166.67,4166.67
P_L0943_3,L0943,2025-04-01,2025-03-29,4166.67,4166.67
P_L0943_4,L0943,2025-05-01,2025-04-30,4166.67,4166.67
P_L0943_5,L0943,2025-05-31,2025-05-27,4166.67,4166.67
P_L0944_1,L0944,2025-01-31,2025-01-29,12500.0,12500.0
P_L0944_2,L0944,2025-03-02,2025-03-10,12500.0,12500.0
P_L0944_3,L0944,2025-04-01,2025-03-30,12500.0,12500.0
P_L0944_4,L0944,2025-05-01,2025-04-30,12500.0,12500.0
P_L0945_1,L0945,2025-01-31,2025-02-26,833.33,457.35
P_L0945_2,L0945,2025-03-02,2025-03-09,833.33,458.21
P_L0945_3,L0945,2025-04-01,2025-06-21,833.33,833.33
P_L0945_4,L0945,2025-05-01,2025-05-21,833.33,833.33
P_L0946_1,L0946,2025-01-31,2025-02-15,833.33,833.33
P_L0946_2,L0946,2025-03-02,2025-03-01,833.33,833.33
P_L0946_3,L0946,2025-04-01,2025-03-29,833.33,833.33
P_L0946_4,L0946,2025-05-01,2025-04-27,833.33,833.33
P_L0946_5,L0946,2025-05-31,2025-05-31,833.33,833.33
P_L0947_1,L0947,2025-01-31,2025-05-08,8333.33,8333.33
P_L0947_2,L0947,2025-03-02,2025-02-28,8333.33,8333.33
P_L0947_3,L0947,2025-04-01,2025-04-01,8333.33,8333.33
P_L0947_4,L0947,2025-05-01,2025-04-28,8333.33,8333.33
P_L0947_5,L0947,2025-05-31,2025-05-28,8333.33,8333.33
P_L0947_6,L0947,2025-06-30,2025-06-27,8333.33,8333.33
P_L0948_1,L0948,2025-01-31,2025-01-31,833.33,833.33
P_L0948_2,L0948,2025-03-02,2025-02-26,833.33,833.33
P_L0948_3,L0948,2025-04-01,2025-03-30,833.33,833.33
P_L0949_1,L0949,2025-01-31,2025-01-30,4166.67,4166.67
P_L0949_2,L0949,2025-03-02,2025-02-26,4166.67,4166.67
P_L0949_3,L0949,2025-04-01,2025-03-30,4166.67,4166.67
P_L0949_4,L0949,2025-05-01,2025-05-01,4166.67,4166.67
P_L0950_1,L0950,2025-01-31,2025-01-27,4166.67,4166.67
P_L0950_2,L0950,2025-03-02,2025-02-27,4166.67,4166.67
P_L0950_3,L0950,2025-04-01,2025-03-28,4166.67,4166.67
P_L0950_4,L0950,2025-05-01,2025-04-28,4166.67,4166.67
P_L0950_5,L0950,2025-05-31,2025-05-28,4166.67,4166.67
P_L0950_6,L0950,2025-06-30,2025-06-28,4166.67,4166.67
P_L0951_1,L0951,2025-01-31,2025-01-30,833.33,323.37
P_L0951_2,L0951,2025-03-02,2025-02-27,833.33,833.33
P_L0951_3,L0951,2025-04-01,2025-03-29,833.33,833.33
P_L0952_1,L0952,2025-01-31,2025-01-27,833.33,833.33
P_L0952_2,L0952,2025-03-02,2025-02-28,833.33,833.33
P_L0952_3,L0952,2025-04-01,2025-03-31,833.33,833.33
P_L0952_4,L0952,2025-05-01,2025-04-28,833.33,833.33
P_L0952_5,L0952,2025-05-31,2025-05-28,833.33,833.33
P_L0953_1,L0953,2025-01-31,2025-04-08,8333.33,8333.33
P_L0953_2,L0953,2025-03-02,2025-02-28,8333.33,8333.33
P_L0953_3,L0953,2025-04-01,2025-03-28,8333.33,8333.33
P_L0953_4,L0953,2025-05-01,2025-07-21,8333.33,8333.33
P_L0953_5,L0953,2025-05-31,2025-08-30,8333.33,8333.33
P_L0953_6,L0953,2025-06-30,2025-06-28,8333.33,8333.33
P_L0954_1,L0954,2025-01-31,2025-04-04,833.33,454.95
P_L0954_2,L0954,2025-03-02,2025-03-23,833.33,833.33
P_L0954_3,L0954,2025-04-01,2025-04-27,833.33,833.33
P_L0954_4,L0954,2025-05-01,2025-06-07,833.33,416.06
P_L0954_5,L0954,2025-05-31,2025-08-24,833.33,833.33
P_L0954_6,L0954,2025-06-30,2025-09-24,833.33,833.33
P_L0955_1,L0955,2025-01-31,2025-01-30,8333.33,8333.33
P_L0955_2,L0955,2025-03-02,2025-04-17,8333.33,8333.33
P_L0955_3,L0955,2025-04-01,2025-03-29,8333.33,8333.33
P_L0955_4,L0955,2025-05-01,2025-04-28,8333.33,8333.33
P_L0955_5,L0955,2025-05-31,2025-05-27,8333.33,8333.33
P_L0956_1,L0956,2025-01-31,2025-01-27,8333.33,8333.33
P_L0956_2,L0956,2025-03-02,2025-06-05,8333.33,8333.33
P_L0956_3,L0956,2025-04-01,2025-07-06,8333.33,8333.33
P_L0957_1,L0957,2025-01-31,2025-01-31,833.33,833.33
P_L0957_2,L0957,2025-03-02,2025-03-01,833.33,833.33
P_L0957_3,L0957,2025-04-01,2025-03-29,833.33,833.33
P_L0957_4,L0957,2025-05-01,2025-04-30,833.33,833.33
P_L0958_1,L0958,2025-01-31,2025-01-31,2083.33,2083.33
P_L0958_2,L0958,2025-03-02,2025-02-26,2083.33,2083.33
P_L0958_3,L0958,2025-04-01,2025-03-29,2083.33,2083.33
P_L0958_4,L0958,2025-05-01,2025-07-12,2083.33,2083.33
P_L0958_5,L0958,2025-05-31,2025-05-27,2083.33,2083.33
P_L0958_6,L0958,2025-06-30,2025-06-29,2083.33,2083.33
P_L0959_1,L0959,2025-01-31,2025-01-29,2083.33,1271.13
P_L0959_2,L0959,2025-03-02,2025-03-22,2083.33,2083.33
P_L0959_3,L0959,2025-04-01,2025-05-03,2083.33,2083.33
P_L0959_4,L0959,2025-05-01,2025-05-25,2083.33,2083.33
P_L0959_5,L0959,2025-05-31,2025-09-12,2083.33,2083.33
P_L0959_6,L0959,2025-06-30,2025-09-18,2083.33,2083.33
P_L0960_1,L0960,2025-01-31,2025-01-31,8333.33,8333.33
P_L0960_2,L0960,2025-03-02,2025-02-28,8333.33,8333.33
P_L0960_3,L0960,2025-04-01,2025-03-30,8333.33,8333.33
P_L0961_1,L0961,2025-01-31,2025-01-27,833.33,833.33
P_L0961_2,L0961,2025-03-02,2025-05-18,833.33,833.33
P_L0961_3,L0961,2025-04-01,2025-03-28,833.33,833.33
P_L0961_4,L0961,2025-05-01,2025-05-14,833.33,833.33
P_L0962_1,L0962,2025-01-31,2025-01-27,2083.33,2083.33
P_L0962_2,L0962,2025-03-02,2025-02-27,2083.33,2083.33
P_L0962_3,L0962,2025-04-01,2025-03-30,2083.33,2083.33
P_L0962_4,L0962,2025-05-01,2025-05-01,2083.33,2083.33
P_L0963_1,L0963,2025-01-31,2025-03-09,833.33,833.33
P_L0963_2,L0963,2025-03-02,2025-02-26,833.33,833.33
P_L0963_3,L0963,2025-04-01,2025-04-10,833.33,833.33
P_L0963_4,L0963,2025-05-01,2025-04-27,833.33,833.33
P_L0963_5,L0963,2025-05-31,2025-08-31,833.33,833.33
P_L0963_6,L0963,2025-06-30,2025-10-02,833.33,833.33
P_L0964_1,L0964,2025-01-31,2025-01-30,833.33,833.33
P_L0964_2,L0964,2025-03-02,2025-02-27,833.33,833.33
P_L0964_3,L0964,2025-04-01,2025-04-15,833.33,833.33
P_L0964_4,L0964,2025-05-01,2025-04-29,833.33,833.33
P_L0964_5,L0964,2025-05-31,2025-05-27,833.33,833.33
P_L0965_1,L0965,2025-01-31,2025-01-27,833.33,833.33
P_L0965_2,L0965,2025-03-02,2025-03-07,833.33,833.33
P_L0965_3,L0965,2025-04-01,2025-03-31,833.33,833.33
P_L0965_4,L0965,2025-05-01,2025-06-29,833.33,833.33
P_L0965_5,L0965,2025-05-31,2025-05-27,833.33,833.33
P_L0966_1,L0966,2025-01-31,2025-01-30,12500.0,12500.0
P_L0966_2,L0966,2025-03-02,2025-03-02,12500.0,12500.0
P_L0966_3,L0966,2025-04-01,2025-03-29,12500.0,12500.0
P_L0966_4,L0966,2025-05-01,2025-04-28,12500.0,12500.0
P_L0967_1,L0967,2025-01-31,2025-01-28,833.33,833.33
P_L0967_2,L0967,2025-03-02,2025-02-28,833.33,833.33
P_L0967_3,L0967,2025-04-01,2025-03-29,833.33,833.33
P_L0968_1,L0968,2025-01-31,2025-01-31,12500.0,12500.0
P_L0968_2,L0968,2025-03-02,2025-03-02,12500.0,12500.0
P_L0968_3,L0968,2025-04-01,2025-03-29,12500.0,12500.0
P_L0968_4,L0968,2025-05-01,2025-04-27,12500.0,12500.0
P_L0968_5,L0968,2025-05-31,2025-05-28,12500.0,12500.0
P_L0969_1,L0969,2025-01-31,2025-01-29,8333.33,8333.33
P_L0969_2,L0969,2025-03-02,2025-02-26,8333.33,8333.33
P_L0969_3,L0969,2025-04-01,2025-04-01,8333.33,8333.33
P_L0969_4,L0969,2025-05-01,2025-06-20,8333.33,8333.33
P_L0969_5,L0969,2025-05-31,2025-05-30,8333.33,8333.33
P_L0969_6,L0969,2025-06-30,2025-10-03,8333.33,8333.33
P_L0970_1,L0970,2025-01-31,2025-01-28,2083.33,2083.33
P_L0970_2,L0970,2025-03-02,2025-02-28,2083.33,2083.33
P_L0970_3,L0970,2025-04-01,2025-06-29,2083.33,2083.33
P_L0971_1,L0971,2025-01-31,2025-01-31,2083.33,2083.33
P_L0971_2,L0971,2025-03-02,2025-02-28,2083.33,2083.33
P_L0971_3,L0971,2025-04-01,2025-04-01,2083.33,2083.33
P_L0971_4,L0971,2025-05-01,2025-04-28,2083.33,2083.33
P_L0971_5,L0971,2025-05-31,2025-05-27,2083.33,2083.33
P_L0972_1,L0972,2025-01-31,2025-01-30,2083.33,2083.33
P_L0972_2,L0972,2025-03-02,2025-02-26,2083.33,2083.33
P_L0972_3,L0972,2025-04-01,2025-04-01,2083.33,2083.33
P_L0972_4,L0972,2025-05-01,2025-04-28,2083.33,2083.33
P_L0972_5,L0972,2025-05-31,2025-05-29,2083.33,2083.33
P_L0972_6,L0972,2025-06-30,2025-06-26,2083.33,2083.33
P_L0973_1,L0973,2025-01-31,2025-01-27,2083.33,2083.33
P_L0973_2,L0973,2025-03-02,2025-02-27,2083.33,2083.33
P_L0973_3,L0973,2025-04-01,2025-04-01,2083.33,2083.33
P_L0973_4,L0973,2025-05-01,2025-04-27,2083.33,2083.33
P_L0973_5,L0973,2025-05-31,2025-05-30,2083.33,2083.33
P_L0974_1,L0974,2025-01-31,2025-01-27,2083.33,2083.33
P_L0974_2,L0974,2025-03-02,2025-03-01,2083.33,2083.33
P_L0974_3,L0974,2025-04-01,2025-03-31,2083.33,2083.33
P_L0974_4,L0974,2025-05-01,2025-04-28,2083.33,2083.33
P_L0974_5,L0974,2025-05-31,2025-05-29,2083.33,2083.33
P_L0975_1,L0975,2025-01-31,2025-01-27,2083.33,2083.33
P_L0975_2,L0975,2025-03-02,2025-02-26,2083.33,2083.33
P_L0975_3,L0975,2025-04-01,2025-04-01,2083.33,2083.33
P_L0976_1,L0976,2025-01-31,2025-01-29,2083.33,2083.33
P_L0976_2,L0976,2025-03-02,2025-02-27,2083.33,2083.33
P_L0976_3,L0976,2025-04-01,2025-04-01,2083.33,2083.33
P_L0976_4,L0976,2025-05-01,2025-04-27,2083.33,2083.33
P_L0976_5,L0976,2025-05-31,2025-05-31,2083.33,2083.33
P_L0977_1,L0977,2025-01-31,2025-01-27,8333.33,8333.33
P_L0977_2,L0977,2025-03-02,2025-02-27,8333.33,8333.33
P_L0977_3,L0977,2025-04-01,2025-06-13,8333.33,8333.33
P_L0977_4,L0977,2025-05-01,2025-04-30,8333.33,8333.33
P_L0977_5,L0977,2025-05-31,2025-05-28,8333.33,8333.33
P_L0977_6,L0977,2025-06-30,2025-06-28,8333.33,8333.33
P_L0978_1,L0978,2025-01-31,2025-01-27,833.33,833.33
P_L0978_2,L0978,2025-03-02,2025-03-02,833.33,833.33
P_L0978_3,L0978,2025-04-01,2025-03-28,833.33,833.33
P_L0978_4,L0978,2025-05-01,2025-04-28,833.33,833.33
P_L0978_5,L0978,2025-05-31,2025-08-15,833.33,833.33
P_L0978_6,L0978,2025-06-30,2025-06-26,833.33,833.33
P_L0979_1,L0979,2025-01-31,2025-01-28,4166.67,4166.67
P_L0979_2,L0979,2025-03-02,2025-02-26,4166.67,4166.67
P_L0979_3,L0979,2025-04-01,2025-06-16,4166.67,4166.67
P_L0980_1,L0980,2025-01-31,2025-04-20,12500.0,12500.0
P_L0980_2,L0980,2025-03-02,2025-03-22,12500.0,4489.71
P_L0980_3,L0980,2025-04-01,2025-04-01,12500.0,4076.73
P_L0981_1,L0981,2025-01-31,2025-04-11,4166.67,4166.67
P_L0981_2,L0981,2025-03-02,2025-06-07,4166.67,4166.67
P_L0981_3,L0981,2025-04-01,2025-03-30,4166.67,4166.67
P_L0982_1,L0982,2025-01-31,2025-01-29,4166.67,4166.67
P_L0982_2,L0982,2025-03-02,2025-02-27,4166.67,4166.67
P_L0982_3,L0982,2025-04-01,2025-03-31,4166.67,4166.67
P_L0982_4,L0982,2025-05-01,2025-04-30,4166.67,4166.67
P_L0982_5,L0982,2025-05-31,2025-05-27,4166.67,4166.67
P_L0983_1,L0983,2025-01-31,2025-02-26,833.33,483.48
P_L0983_2,L0983,2025-03-02,2025-06-16,833.33,833.33
P_L0983_3,L0983,2025-04-01,2025-06-21,833.33,833.33
P_L0983_4,L0983,2025-05-01,2025-07-05,833.33,381.79
P_L0983_5,L0983,2025-05-31,2025-05-30,833.33,833.33
P_L0984_1,L0984,2025-01-31,2025-02-26,833.33,833.33
P_L0984_2,L0984,2025-03-02,2025-02-27,833.33,833.33
P_L0984_3,L0984,2025-04-01,2025-03-31,833.33,833.33
P_L0985_1,L0985,2025-01-31,2025-01-29,833.33,381.25
P_L0985_2,L0985,2025-03-02,2025-03-02,833.33,833.33
P_L0985_3,L0985,2025-04-01,2025-03-30,833.33,833.33
P_L0985_4,L0985,2025-05-01,2025-04-28,833.33,833.33
P_L0985_5,L0985,2025-05-31,2025-08-09,833.33,460.43
P_L0985_6,L0985,2025-06-30,2025-07-09,833.33,833.33
P_L0986_1,L0986,2025-01-31,2025-01-27,2083.33,2083.33
P_L0986_2,L0986,2025-03-02,2025-02-28,2083.33,2083.33
P_L0986_3,L0986,2025-04-01,2025-03-31,2083.33,2083.33
P_L0987_1,L0987,2025-01-31,2025-01-31,8333.33,8333.33
P_L0987_2,L0987,2025-03-02,2025-02-26,8333.33,8333.33
P_L0987_3,L0987,2025-04-01,2025-04-01,8333.33,8333.33
P_L0987_4,L0987,2025-05-01,2025-04-27,8333.33,8333.33
P_L0987_5,L0987,2025-05-31,2025-08-16,8333.33,8333.33
P_L0987_6,L0987,2025-06-30,2025-06-27,8333.33,8333.33
P_L0988_1,L0988,2025-01-31,2025-02-24,2083.33,2083.33
P_L0988_2,L0988,2025-03-02,2025-03-01,2083.33,2083.33
P_L0988_3,L0988,2025-04-01,2025-03-31,2083.33,2083.33
P_L0988_4,L0988,2025-05-01,2025-04-27,2083.33,2083.33
P_L0988_5,L0988,2025-05-31,2025-05-28,2083.33,2083.33
P_L0988_6,L0988,2025-06-30,2025-06-27,2083.33,2083.33
P_L0989_1,L0989,2025-01-31,2025-01-28,8333.33,8333.33
P_L0989_2,L0989,2025-03-02,2025-04-10,8333.33,8333.33
P_L0989_3,L0989,2025-04-01,2025-03-31,8333.33,8333.33
P_L0989_4,L0989,2025-05-01,2025-04-27,8333.33,8333.33
P_L0990_1,L0990,2025-01-31,2025-01-31,8333.33,8333.33
P_L0990_2,L0990,2025-03-02,2025-03-01,8333.33,8333.33
P_L0990_3,L0990,2025-04-01,2025-03-30,8333.33,8333.33
P_L0991_1,L0991,2025-01-31,2025-01-28,4166.67,4166.67
P_L0991_2,L0991,2025-03-02,2025-02-27,4166.67,4166.67
P_L0991_3,L0991,2025-04-01,2025-07-04,4166.67,4166.67
P_L0991_4,L0991,2025-05-01,2025-04-27,4166.67,4166.67
P_L0991_5,L0991,2025-05-31,2025-05-27,4166.67,4166.67
P_L0991_6,L0991,2025-06-30,2025-06-28,4166.67,4166.67
P_L0992_1,L0992,2025-01-31,2025-01-28,4166.67,4166.67
P_L0992_2,L0992,2025-03-02,2025-02-27,4166.67,4166.67
P_L0992_3,L0992,2025-04-01,2025-03-29,4166.67,4166.67
P_L0992_4,L0992,2025-05-01,2025-04-28,4166.67,4166.67
P_L0993_1,L0993,2025-01-31,2025-01-30,8333.33,8333.33
P_L0993_2,L0993,2025-03-02,2025-02-28,8333.33,8333.33
P_L0993_3,L0993,2025-04-01,2025-03-29,8333.33,8333.33
P_L0994_1,L0994,2025-01-31,2025-01-27,8333.33,8333.33
P_L0994_2,L0994,2025-03-02,2025-03-23,8333.33,8333.33
P_L0994_3,L0994,2025-04-01,2025-03-30,8333.33,8333.33
P_L0994_4,L0994,2025-05-01,2025-05-01,8333.33,8333.33
P_L0995_1,L0995,2025-01-31,2025-01-30,2083.33,2083.33
P_L0995_2,L0995,2025-03-02,2025-03-01,2083.33,2083.33
P_L0995_3,L0995,2025-04-01,2025-03-31,2083.33,2083.33
P_L0996_1,L0996,2025-01-31,2025-03-17,2083.33,2083.33
P_L0996_2,L0996,2025-03-02,2025-02-26,2083.33,2083.33
P_L0996_3,L0996,2025-04-01,2025-05-05,2083.33,2083.33
P_L0996_4,L0996,2025-05-01,2025-04-29,2083.33,2083.33
P_L0996_5,L0996,2025-05-31,2025-09-07,2083.33,2083.33
P_L0996_6,L0996,2025-06-30,2025-06-28,2083.33,2083.33
P_L0997_1,L0997,2025-01-31,2025-01-27,4166.67,4166.67
P_L0997_2,L0997,2025-03-02,2025-05-03,4166.67,4166.67
P_L0997_3,L0997,2025-04-01,2025-03-28,4166.67,4166.67
P_L0998_1,L0998,2025-01-31,2025-05-01,833.33,833.33
P_L0998_2,L0998,2025-03-02,2025-02-26,833.33,833.33
P_L0998_3,L0998,2025-04-01,2025-06-05,833.33,833.33
P_L0998_4,L0998,2025-05-01,2025-08-14,833.33,833.33
P_L0998_5,L0998,2025-05-31,2025-08-20,833.33,833.33
P_L0998_6,L0998,2025-06-30,2025-06-30,833.33,833.33
P_L0999_1,L0999,2025-01-31,2025-01-27,8333.33,8333.33
P_L0999_2,L0999,2025-03-02,2025-05-18,8333.33,8333.33
P_L0999_3,L0999,2025-04-01,2025-03-29,8333.33,8333.33
P_L0999_4,L0999,2025-05-01,2025-06-22,8333.33,8333.33
P_L1000_1,L1000,2025-01-31,2025-01-29,2083.33,2083.33
P_L1000_2,L1000,2025-03-02,2025-02-27,2083.33,2083.33
P_L1000_3,L1000,2025-04-01,2025-04-01,2083.33,2083.33
P_L1000_4,L1000,2025-05-01,2025-04-28,2083.33,2083.33
